grill_temp,meat_temp,time
191,134,2016-03-11 03:00:33.506019
209,105,2016-03-11 03:01:03.530894
192,134,2016-03-11 03:01:33.563619
209,106,2016-03-11 03:02:03.601583
196,131,2016-03-11 03:02:33.633609
208,111,2016-03-11 03:03:03.660966
199,126,2016-03-11 03:03:33.690791
206,116,2016-03-11 04:45:00.840832
203,120,2016-03-11 04:45:30.870793
203,123,2016-03-11 04:46:00.900980
207,109,2016-03-11 04:46:31.950895
197,132,2016-03-11 04:47:01.980830
209,106,2016-03-11 04:47:32.010744
196,132,2016-03-11 04:48:02.040846
209,105,2016-03-11 04:48:32.070821
191,134,2016-03-11 04:48:54.539568
209,105,2016-03-11 04:49:24.570971
192,134,2016-03-11 04:49:54.601570
209,106,2016-03-11 04:50:24.630901
196,131,2016-03-11 04:50:54.660955
208,111,2016-03-11 04:51:24.701584
199,126,2016-03-11 04:51:54.741666
206,116,2016-03-11 04:52:24.770842
203,120,2016-03-11 04:52:54.800939
203,123,2016-03-11 04:53:24.830851
206,113,2016-03-11 04:53:54.860796
200,128,2016-03-11 04:54:24.890804
208,108,2016-03-11 04:54:54.923619
196,132,2016-03-11 04:55:24.950901
209,105,2016-03-11 04:55:54.980827
192,134,2016-03-11 04:56:25.010848
209,105,2016-03-11 04:56:55.041606
192,134,2016-03-11 04:57:25.073583
209,106,2016-03-11 04:57:55.100881
196,131,2016-03-11 04:58:25.130822
208,111,2016-03-11 04:58:55.191084
199,126,2016-03-11 04:59:25.220969
206,116,2016-03-11 04:59:55.250849
203,120,2016-03-11 05:00:25.280796
203,123,2016-03-11 05:00:55.310795
206,113,2016-03-11 05:01:25.344209
200,128,2016-03-11 05:01:55.370898
208,108,2016-03-11 05:02:25.400821
196,132,2016-03-11 05:02:55.431159
209,105,2016-03-11 05:03:25.461605
192,134,2016-03-11 05:03:55.490841
209,105,2016-03-11 05:04:25.520974
192,134,2016-03-11 05:04:55.550815
209,106,2016-03-11 05:05:25.580841
196,131,2016-03-11 05:05:55.621130
208,111,2016-03-11 05:06:25.650844
199,126,2016-03-11 05:06:55.680842
206,116,2016-03-11 05:07:25.710809
203,120,2016-03-11 05:07:55.740849
205,118,2016-03-11 05:08:25.770791
204,118,2016-03-11 05:08:55.800833
202,124,2016-03-11 05:09:25.830850
206,112,2016-03-11 05:09:55.861612
199,130,2016-03-11 05:10:25.890899
208,107,2016-03-11 05:10:55.923601
195,133,2016-03-11 05:11:25.961686
209,105,2016-03-11 05:11:55.990790
191,135,2016-03-11 05:12:26.020790
209,105,2016-03-11 05:12:56.061140
193,133,2016-03-11 05:13:26.090836
209,107,2016-03-11 05:13:56.120897
197,130,2016-03-11 05:14:26.150852
207,112,2016-03-11 05:14:56.191086
200,124,2016-03-11 05:15:26.231145
205,118,2016-03-11 05:15:56.261148
204,118,2016-03-11 05:16:26.290793
202,124,2016-03-11 05:16:56.331135
206,112,2016-03-11 05:17:26.368397
199,130,2016-03-11 05:17:56.390852
208,107,2016-03-11 05:18:26.420841
195,133,2016-03-11 05:18:56.461663
209,105,2016-03-11 05:19:26.493641
191,135,2016-03-11 05:19:56.520879
209,105,2016-03-11 05:20:26.550824
193,133,2016-03-11 05:20:56.580790
191,134,2016-03-11 05:21:06.055211
209,105,2016-03-11 05:21:36.091162
192,134,2016-03-11 05:22:06.120979
209,106,2016-03-11 05:22:36.150796
196,131,2016-03-11 05:23:06.191088
208,111,2016-03-11 05:23:36.220851
199,126,2016-03-11 05:24:06.250857
206,116,2016-03-11 05:24:36.280798
203,120,2016-03-11 05:25:06.311144
203,123,2016-03-11 05:25:36.343906
206,113,2016-03-11 05:26:06.370825
200,128,2016-03-11 05:26:36.400828
208,108,2016-03-11 05:27:06.430785
196,132,2016-03-11 05:27:36.461656
209,105,2016-03-11 05:28:06.493477
192,134,2016-03-11 05:28:36.520901
209,105,2016-03-11 05:29:06.550824
191,134,2016-03-11 05:29:37.405775
209,105,2016-03-11 05:30:07.430851
191,134,2016-03-11 05:30:21.635907
209,105,2016-03-11 05:30:51.661283
192,134,2016-03-11 05:31:21.690827
209,106,2016-03-11 05:31:51.720783
196,131,2016-03-11 05:32:21.750786
208,111,2016-03-11 05:32:51.781951
199,126,2016-03-11 05:33:21.810889
206,116,2016-03-11 05:33:51.840841
203,120,2016-03-11 05:34:21.870792
203,123,2016-03-11 05:34:51.911136
206,113,2016-03-11 05:35:21.940828
200,128,2016-03-11 05:35:51.970890
208,108,2016-03-11 05:36:22.000794
196,132,2016-03-11 05:36:52.030817
209,105,2016-03-11 05:37:22.061144
192,134,2016-03-11 05:37:52.090852
209,105,2016-03-11 05:38:22.120839
192,134,2016-03-11 05:38:52.150785
209,106,2016-03-11 05:39:22.191083
196,131,2016-03-11 05:39:52.220968
208,111,2016-03-11 05:40:22.250852
199,126,2016-03-11 05:40:52.280796
206,116,2016-03-11 05:41:22.313551
203,120,2016-03-11 05:41:52.341582
203,123,2016-03-11 05:42:22.370903
206,113,2016-03-11 05:42:52.400829
200,128,2016-03-11 05:43:22.430791
208,108,2016-03-11 05:43:52.461581
196,132,2016-03-11 05:44:22.493599
209,105,2016-03-11 05:44:52.520940
192,134,2016-03-11 05:45:22.550826
209,105,2016-03-11 05:45:52.580965
192,134,2016-03-11 05:46:22.611075
209,106,2016-03-11 05:46:52.640959
196,131,2016-03-11 05:47:22.670851
208,111,2016-03-11 05:47:52.700773
197,130,2016-03-11 05:48:22.730876
207,112,2016-03-11 05:48:52.761088
200,124,2016-03-11 05:49:22.790906
205,118,2016-03-11 05:49:52.820885
204,118,2016-03-11 05:50:22.850814
202,124,2016-03-11 05:50:52.891520
206,112,2016-03-11 05:51:22.923614
199,130,2016-03-11 05:51:52.950896
208,107,2016-03-11 05:52:22.980829
195,133,2016-03-11 05:52:53.010792
209,105,2016-03-11 05:53:23.041517
191,135,2016-03-11 05:53:53.073576
209,105,2016-03-11 05:54:23.100902
193,133,2016-03-11 05:54:53.130826
209,107,2016-03-11 05:55:23.191086
197,130,2016-03-11 05:55:53.220843
207,112,2016-03-11 05:56:23.250862
200,124,2016-03-11 05:56:53.280793
205,118,2016-03-11 05:57:23.311610
204,118,2016-03-11 05:57:53.343631
202,124,2016-03-11 05:58:23.370907
206,112,2016-03-11 05:58:53.400829
199,130,2016-03-11 05:59:23.430807
208,107,2016-03-11 05:59:53.461597
195,133,2016-03-11 06:00:23.493571
209,105,2016-03-11 06:00:53.520880
191,135,2016-03-11 06:01:23.550821
209,105,2016-03-11 06:01:53.580792
193,133,2016-03-11 06:02:23.611085
209,107,2016-03-11 06:02:53.640973
197,130,2016-03-11 06:03:23.670904
207,112,2016-03-11 06:03:53.700822
200,124,2016-03-11 06:04:23.741062
205,118,2016-03-11 06:04:53.770834
204,118,2016-03-11 06:05:23.800833
202,124,2016-03-11 06:05:53.830851
206,112,2016-03-11 06:06:23.860735
201,126,2016-03-11 06:06:53.891602
207,111,2016-03-11 06:07:23.921961
198,131,2016-03-11 06:07:53.961608
209,107,2016-03-11 06:08:23.990784
194,134,2016-03-11 06:08:54.020845
209,105,2016-03-11 06:09:24.061564
190,134,2016-03-11 06:09:54.090826
209,105,2016-03-11 06:10:24.131140
194,132,2016-03-11 06:10:54.161139
209,108,2016-03-11 06:11:24.191105
198,128,2016-03-11 06:11:54.220790
208,111,2016-03-11 06:12:24.250848
199,126,2016-03-11 06:12:54.320860
206,116,2016-03-11 06:13:24.350970
203,120,2016-03-11 06:13:54.380828
203,123,2016-03-11 06:14:24.410820
206,113,2016-03-11 06:14:54.440892
200,128,2016-03-11 06:15:24.470960
208,108,2016-03-11 06:15:54.500962
196,132,2016-03-11 06:16:24.540855
209,105,2016-03-11 06:16:54.570897
192,134,2016-03-11 06:17:24.601576
209,105,2016-03-11 06:17:54.633622
192,134,2016-03-11 06:18:24.660917
209,106,2016-03-11 06:18:54.690830
195,132,2016-03-11 06:19:24.720796
208,109,2016-03-11 06:19:54.750795
199,127,2016-03-11 06:20:24.783603
206,115,2016-03-11 06:20:54.810898
202,121,2016-03-11 06:21:24.840828
204,121,2016-03-11 06:21:54.870782
205,115,2016-03-11 06:22:24.911143
200,127,2016-03-11 06:22:54.940914
207,109,2016-03-11 06:23:24.970852
197,132,2016-03-11 06:23:55.001587
209,106,2016-03-11 06:24:25.031556
193,134,2016-03-11 06:24:55.061149
209,105,2016-03-11 06:25:25.090831
191,134,2016-03-11 06:25:55.120844
209,106,2016-03-11 06:26:25.150799
195,132,2016-03-11 06:26:55.191076
208,109,2016-03-11 06:27:25.220846
199,127,2016-03-11 06:27:55.250850
206,115,2016-03-11 06:28:25.280801
202,121,2016-03-11 06:28:55.311629
205,118,2016-03-11 06:29:25.343607
204,118,2016-03-11 06:29:55.370884
202,124,2016-03-11 06:30:25.400824
206,112,2016-03-11 06:30:55.430783
199,130,2016-03-11 06:31:25.461597
208,107,2016-03-11 06:31:55.490791
195,133,2016-03-11 06:32:25.530825
209,105,2016-03-11 06:32:55.561546
191,135,2016-03-11 06:33:25.601573
209,105,2016-03-11 06:33:55.633615
193,133,2016-03-11 06:34:25.660942
209,107,2016-03-11 06:34:55.690829
197,130,2016-03-11 06:35:25.720779
207,112,2016-03-11 06:35:55.751529
200,124,2016-03-11 06:36:25.783604
205,118,2016-03-11 06:36:55.810826
203,120,2016-03-11 06:37:25.840885
203,123,2016-03-11 06:37:55.870796
206,113,2016-03-11 06:38:25.911138
200,128,2016-03-11 06:38:55.940899
208,108,2016-03-11 06:39:25.970844
196,132,2016-03-11 06:39:56.000791
209,105,2016-03-11 06:40:26.041571
192,134,2016-03-11 06:40:56.073599
209,105,2016-03-11 06:41:26.100885
192,134,2016-03-11 06:41:56.131151
209,106,2016-03-11 06:42:26.191087
196,131,2016-03-11 06:42:56.220843
208,111,2016-03-11 06:43:26.250856
199,126,2016-03-11 06:43:56.280828
206,116,2016-03-11 06:44:26.310772
203,120,2016-03-11 06:44:56.344277
203,123,2016-03-11 06:45:26.370898
206,113,2016-03-11 06:45:56.400824
200,128,2016-03-11 06:46:26.430814
208,108,2016-03-11 06:46:56.461612
196,132,2016-03-11 06:47:26.492081
209,105,2016-03-11 06:47:56.520828
194,134,2016-03-11 06:48:26.550823
209,105,2016-03-11 06:48:56.580780
190,134,2016-03-11 06:49:26.611084
209,105,2016-03-11 06:49:56.640813
194,132,2016-03-11 06:50:26.671391
209,108,2016-03-11 06:50:56.700918
198,128,2016-03-11 06:51:26.730775
207,113,2016-03-11 06:51:56.771128
201,123,2016-03-11 06:52:26.800834
204,119,2016-03-11 06:52:56.830834
204,116,2016-03-11 06:53:26.860814
201,126,2016-03-11 06:53:56.891551
207,111,2016-03-11 06:54:26.923594
198,131,2016-03-11 06:54:56.950895
208,107,2016-03-11 06:55:26.981150
195,133,2016-03-11 06:55:57.010797
209,105,2016-03-11 06:56:27.041618
191,135,2016-03-11 06:56:57.073604
209,105,2016-03-11 06:57:27.100903
193,133,2016-03-11 06:57:57.130820
209,107,2016-03-11 06:58:27.171854
197,130,2016-03-11 06:58:57.204626
207,112,2016-03-11 06:59:27.230906
200,124,2016-03-11 06:59:57.261298
205,118,2016-03-11 07:00:27.290796
204,118,2016-03-11 07:00:57.331713
202,124,2016-03-11 07:01:27.360843
206,112,2016-03-11 07:01:57.391085
199,130,2016-03-11 07:02:27.420804
208,107,2016-03-11 07:02:57.456275
195,133,2016-03-11 07:03:27.481138
209,105,2016-03-11 07:03:57.510839
191,135,2016-03-11 07:04:27.540840
209,105,2016-03-11 07:04:57.570802
193,133,2016-03-11 07:05:27.601607
209,107,2016-03-11 07:05:57.633766
197,130,2016-03-11 07:06:27.660990
208,109,2016-03-11 07:06:57.690825
199,127,2016-03-11 07:07:27.720784
206,115,2016-03-11 07:07:57.751584
202,121,2016-03-11 07:08:27.783548
204,121,2016-03-11 07:08:57.811587
205,115,2016-03-11 07:09:27.840819
200,127,2016-03-11 07:09:57.870738
207,109,2016-03-11 07:10:27.911143
197,132,2016-03-11 07:10:57.940899
209,106,2016-03-11 07:11:27.970846
193,134,2016-03-11 07:11:58.000787
209,105,2016-03-11 07:12:28.041629
190,134,2016-03-11 07:12:58.080976
209,105,2016-03-11 07:13:28.110797
194,132,2016-03-11 07:13:58.140815
209,108,2016-03-11 07:14:28.191084
198,128,2016-03-11 07:14:58.223918
207,113,2016-03-11 07:15:28.250832
201,123,2016-03-11 07:15:58.280818
204,119,2016-03-11 07:16:28.311597
204,116,2016-03-11 07:16:58.343558
201,126,2016-03-11 07:17:28.370902
207,111,2016-03-11 07:17:58.401049
198,131,2016-03-11 07:18:28.431084
209,107,2016-03-11 07:18:58.461642
194,134,2016-03-11 07:19:28.490839
209,105,2016-03-11 07:19:58.520894
190,134,2016-03-11 07:20:28.550832
209,105,2016-03-11 07:20:58.580785
194,132,2016-03-11 07:21:28.610786
209,108,2016-03-11 07:21:58.640971
198,128,2016-03-11 07:22:28.681059
207,113,2016-03-11 07:22:58.721134
201,123,2016-03-11 07:23:28.750882
204,119,2016-03-11 07:23:58.791078
204,116,2016-03-11 07:24:28.820798
201,126,2016-03-11 07:24:58.850831
207,111,2016-03-11 07:25:28.891677
200,128,2016-03-11 07:25:58.920970
208,108,2016-03-11 07:26:28.951140
196,132,2016-03-11 07:26:58.980822
209,105,2016-03-11 07:27:29.010722
192,134,2016-03-11 07:27:59.041577
209,105,2016-03-11 07:28:29.070767
192,134,2016-03-11 07:28:59.100883
209,106,2016-03-11 07:29:29.130765
196,131,2016-03-11 07:29:59.191082
208,111,2016-03-11 07:30:29.220828
199,126,2016-03-11 07:30:59.250845
206,116,2016-03-11 07:31:29.280683
202,121,2016-03-11 07:31:59.310797
204,121,2016-03-11 07:32:29.344495
205,115,2016-03-11 07:32:59.370908
200,127,2016-03-11 07:33:29.400835
207,109,2016-03-11 07:33:59.430828
197,132,2016-03-11 07:34:29.461633
209,106,2016-03-11 07:34:59.493613
193,134,2016-03-11 07:35:29.520889
209,105,2016-03-11 07:35:59.550828
191,134,2016-03-11 07:36:29.580781
209,106,2016-03-11 07:36:59.621127
195,132,2016-03-11 07:37:29.650847
208,109,2016-03-11 07:37:59.680921
199,127,2016-03-11 07:38:29.710798
206,115,2016-03-11 07:38:59.751620
202,121,2016-03-11 07:39:29.780982
204,121,2016-03-11 07:39:59.810908
205,115,2016-03-11 07:40:29.840821
200,127,2016-03-11 07:40:59.870791
207,109,2016-03-11 07:41:29.900898
191,134,2016-03-11 07:43:04.861799
209,105,2016-03-11 07:43:34.891852
192,134,2016-03-11 07:44:04.923570
209,106,2016-03-11 07:44:34.950843
196,131,2016-03-11 07:45:04.980881
208,111,2016-03-11 07:45:35.010794
199,126,2016-03-11 07:46:05.041613
206,116,2016-03-11 07:46:35.071154
203,120,2016-03-11 07:47:05.100947
203,123,2016-03-11 07:47:35.130827
206,113,2016-03-11 07:48:05.191143
200,128,2016-03-11 07:48:35.220982
208,108,2016-03-11 07:49:05.250877
196,132,2016-03-11 07:49:35.281345
209,105,2016-03-11 07:50:05.311536
192,134,2016-03-11 07:50:35.340928
209,105,2016-03-11 07:51:05.370847
192,134,2016-03-11 07:51:35.400823
209,106,2016-03-11 07:52:05.430783
191,134,2016-03-11 07:52:38.021853
209,105,2016-03-11 07:53:08.061216
192,134,2016-03-11 07:53:38.090895
209,106,2016-03-11 07:54:08.120808
196,131,2016-03-11 07:54:38.150846
208,111,2016-03-11 07:55:08.191073
199,126,2016-03-11 07:55:38.220902
206,116,2016-03-11 07:56:08.250859
203,120,2016-03-11 07:56:38.280784
203,123,2016-03-11 07:57:08.311688
206,113,2016-03-11 07:57:38.340830
200,128,2016-03-11 07:58:08.391093
208,108,2016-03-11 07:58:38.420798
196,132,2016-03-11 07:59:08.461535
209,105,2016-03-11 07:59:38.491046
192,134,2016-03-11 08:00:08.520942
209,105,2016-03-11 08:00:38.561647
192,134,2016-03-11 08:01:08.601054
209,106,2016-03-11 08:01:38.630792
196,131,2016-03-11 08:02:08.660966
208,111,2016-03-11 08:02:38.690834
199,126,2016-03-11 08:03:08.720794
206,116,2016-03-11 08:03:38.751638
203,120,2016-03-11 08:04:08.780956
203,123,2016-03-11 08:04:38.810892
206,113,2016-03-11 08:05:08.850872
200,128,2016-03-11 08:05:38.891561
208,108,2016-03-11 08:06:08.923664
191,134,2016-03-11 08:08:59.483147
191,134,2016-03-11 08:11:46.872641
191,134,2016-03-11 08:11:58.100148
191,134,2016-03-11 08:12:52.700226
209,105,2016-03-11 08:13:22.730972
192,134,2016-03-11 08:13:52.771123
209,106,2016-03-11 08:14:22.800831
196,131,2016-03-11 08:14:52.830790
191,134,2016-03-11 08:15:28.155785
209,105,2016-03-11 08:15:58.191132
192,134,2016-03-11 08:16:28.220876
209,106,2016-03-11 08:16:58.250866
196,131,2016-03-11 08:17:28.280821
191,134,2016-03-11 08:17:47.050343
209,105,2016-03-11 08:18:17.080903
192,134,2016-03-11 08:18:47.110828
209,106,2016-03-11 08:19:17.140874
191,134,2016-03-11 08:19:24.191523
209,105,2016-03-11 08:19:54.220913
192,134,2016-03-11 08:20:24.250920
191,134,2016-03-11 08:22:44.935091
209,105,2016-03-11 08:23:14.960880
191,134,2016-03-11 08:25:29.592704
191,134,2016-03-11 08:26:06.968087
209,105,2016-03-11 08:26:36.990896
191,134,2016-03-11 08:27:22.501221
209,105,2016-03-11 08:27:52.530888
192,134,2016-03-11 08:28:22.560816
191,134,2016-03-11 08:28:30.859701
209,105,2016-03-11 08:29:00.891615
191,134,2016-03-11 08:29:35.510903
209,105,2016-03-11 08:30:05.540900
192,134,2016-03-11 08:30:35.570792
209,106,2016-03-11 08:31:05.601105
196,131,2016-03-11 08:31:35.633575
208,111,2016-03-11 08:32:05.660965
199,126,2016-03-11 08:32:35.690831
206,116,2016-03-11 08:33:05.720798
203,120,2016-03-11 08:33:35.751692
203,123,2016-03-11 08:34:05.783614
206,113,2016-03-11 08:34:35.810897
200,128,2016-03-11 08:35:05.841022
208,108,2016-03-11 08:35:35.870915
196,132,2016-03-11 08:36:05.911186
209,105,2016-03-11 08:36:35.950992
192,134,2016-03-11 08:37:05.980869
209,105,2016-03-11 08:37:36.010796
192,134,2016-03-11 08:38:06.040942
209,106,2016-03-11 08:38:36.073557
196,131,2016-03-11 08:39:06.100943
208,111,2016-03-11 08:39:36.130820
199,126,2016-03-11 08:40:06.191079
206,116,2016-03-11 08:40:36.220837
203,120,2016-03-11 08:41:06.260837
203,123,2016-03-11 08:41:36.291126
206,113,2016-03-11 08:42:06.331232
191,134,2016-03-11 08:42:35.615766
209,105,2016-03-11 08:43:05.640899
192,134,2016-03-11 08:43:35.670840
209,106,2016-03-11 08:44:05.700931
196,131,2016-03-11 08:44:35.730795
208,111,2016-03-11 08:45:05.771138
199,126,2016-03-11 08:45:35.800835
206,116,2016-03-11 08:46:05.830843
203,120,2016-03-11 08:46:35.860788
203,123,2016-03-11 08:47:05.891579
206,113,2016-03-11 08:47:35.923597
200,128,2016-03-11 08:48:05.950907
208,108,2016-03-11 08:48:35.980816
196,132,2016-03-11 08:49:06.010791
209,105,2016-03-11 08:49:36.041597
192,134,2016-03-11 08:50:06.073652
209,105,2016-03-11 08:50:36.100910
192,134,2016-03-11 08:51:06.130813
209,106,2016-03-11 08:51:36.191082
196,131,2016-03-11 08:52:06.220845
208,111,2016-03-11 08:52:36.250847
199,126,2016-03-11 08:53:06.281137
206,116,2016-03-11 08:53:36.310804
203,120,2016-03-11 08:54:06.340854
203,123,2016-03-11 08:54:36.370983
206,113,2016-03-11 08:55:06.401141
200,128,2016-03-11 08:55:36.441605
208,108,2016-03-11 08:56:06.481140
196,132,2016-03-11 08:56:36.510785
209,105,2016-03-11 08:57:06.540823
192,134,2016-03-11 08:57:36.580874
209,105,2016-03-11 08:58:06.610851
192,134,2016-03-11 08:58:36.640823
209,106,2016-03-11 08:59:06.671672
196,131,2016-03-11 08:59:36.700826
208,111,2016-03-11 09:00:06.730717
198,128,2016-03-11 09:00:36.771127
207,113,2016-03-11 09:01:06.800837
200,124,2016-03-11 09:01:36.830858
205,118,2016-03-11 09:02:06.860895
204,118,2016-03-11 09:02:36.891568
202,124,2016-03-11 09:03:06.920821
206,112,2016-03-11 09:03:36.951194
199,130,2016-03-11 09:04:06.991087
208,107,2016-03-11 09:04:37.031567
195,133,2016-03-11 09:05:07.060828
209,105,2016-03-11 09:05:37.090826
191,135,2016-03-11 09:06:07.120886
209,105,2016-03-11 09:06:37.150902
193,133,2016-03-11 09:07:07.190928
209,107,2016-03-11 09:07:37.231306
197,130,2016-03-11 09:08:07.291082
207,112,2016-03-11 09:08:37.323600
200,124,2016-03-11 09:09:07.361126
205,118,2016-03-11 09:09:37.390851
204,118,2016-03-11 09:10:07.420787
202,124,2016-03-11 09:10:37.461563
206,112,2016-03-11 09:11:07.493598
199,130,2016-03-11 09:11:37.520891
208,107,2016-03-11 09:12:07.550876
195,133,2016-03-11 09:12:37.580789
209,105,2016-03-11 09:13:07.621128
191,135,2016-03-11 09:13:37.650846
209,105,2016-03-11 09:14:07.680904
193,133,2016-03-11 09:14:37.710785
209,107,2016-03-11 09:15:07.740808
197,130,2016-03-11 09:15:37.773622
207,112,2016-03-11 09:16:07.811152
200,124,2016-03-11 09:16:37.840821
205,118,2016-03-11 09:17:07.870834
204,118,2016-03-11 09:17:37.911134
202,124,2016-03-11 09:18:07.940898
206,112,2016-03-11 09:18:37.970767
200,127,2016-03-11 09:19:08.001146
207,109,2016-03-11 09:19:38.041642
197,132,2016-03-11 09:20:08.073672
209,107,2016-03-11 09:20:38.100834
194,134,2016-03-11 09:21:08.130837
209,105,2016-03-11 09:21:38.191088
190,134,2016-03-11 09:22:08.220877
209,105,2016-03-11 09:22:38.250858
194,132,2016-03-11 09:23:08.280785
209,108,2016-03-11 09:23:38.311592
198,128,2016-03-11 09:24:08.340797
207,113,2016-03-11 09:24:38.370900
201,123,2016-03-11 09:25:08.400826
204,119,2016-03-11 09:25:38.430790
204,116,2016-03-11 09:26:08.461604
201,126,2016-03-11 09:26:38.493620
207,111,2016-03-11 09:27:08.520898
198,131,2016-03-11 09:27:38.561141
209,107,2016-03-11 09:28:08.601593
194,134,2016-03-11 09:28:38.633589
209,105,2016-03-11 09:29:08.671150
190,134,2016-03-11 09:29:38.711135
209,105,2016-03-11 09:30:08.740841
194,132,2016-03-11 09:30:38.771135
209,108,2016-03-11 09:31:08.800842
198,128,2016-03-11 09:31:38.830839
207,113,2016-03-11 09:32:08.860791
201,123,2016-03-11 09:32:38.891640
204,119,2016-03-11 09:33:08.923786
204,116,2016-03-11 09:33:38.950971
201,126,2016-03-11 09:34:08.980835
207,111,2016-03-11 09:34:39.010805
198,131,2016-03-11 09:35:09.041543
209,107,2016-03-11 09:35:39.073614
194,134,2016-03-11 09:36:09.100903
209,105,2016-03-11 09:36:39.130818
190,134,2016-03-11 09:37:09.191075
209,105,2016-03-11 09:37:39.220859
194,132,2016-03-11 09:38:09.250845
209,108,2016-03-11 09:38:39.280708
195,132,2016-03-11 09:39:09.311608
208,109,2016-03-11 09:39:39.343627
199,127,2016-03-11 09:40:09.371143
206,115,2016-03-11 09:40:39.400834
202,121,2016-03-11 09:41:09.430747
204,121,2016-03-11 09:41:39.461631
205,115,2016-03-11 09:42:09.493636
200,127,2016-03-11 09:42:39.520899
207,109,2016-03-11 09:43:09.550768
197,132,2016-03-11 09:43:39.580798
209,106,2016-03-11 09:44:09.621137
193,134,2016-03-11 09:44:39.650837
209,105,2016-03-11 09:45:09.680871
191,134,2016-03-11 09:45:39.710789
209,106,2016-03-11 09:46:09.751637
195,132,2016-03-11 09:46:39.783611
208,109,2016-03-11 09:47:09.810735
199,127,2016-03-11 09:47:39.840831
206,115,2016-03-11 09:48:09.870736
202,121,2016-03-11 09:48:39.911134
204,121,2016-03-11 09:49:09.940832
205,115,2016-03-11 09:49:39.970863
200,127,2016-03-11 09:50:10.000789
207,109,2016-03-11 09:50:40.041697
197,132,2016-03-11 09:51:10.071920
209,106,2016-03-11 09:51:40.100892
193,134,2016-03-11 09:52:10.130796
209,105,2016-03-11 09:52:40.191084
191,134,2016-03-11 09:53:10.220843
209,106,2016-03-11 09:53:40.250843
195,132,2016-03-11 09:54:10.280797
208,109,2016-03-11 09:54:40.311566
199,127,2016-03-11 09:55:10.343621
206,115,2016-03-11 09:55:40.370856
202,121,2016-03-11 09:56:10.400817
204,121,2016-03-11 09:56:40.430787
205,115,2016-03-11 09:57:10.460907
200,127,2016-03-11 09:57:40.493633
206,113,2016-03-11 09:58:10.520926
200,128,2016-03-11 09:58:40.550825
208,108,2016-03-11 09:59:10.580804
196,132,2016-03-11 09:59:40.621133
209,105,2016-03-11 10:00:10.650855
192,134,2016-03-11 10:00:40.681361
209,105,2016-03-11 10:01:10.710887
192,134,2016-03-11 10:01:40.751610
209,106,2016-03-11 10:02:10.783585
196,131,2016-03-11 10:02:40.810885
208,111,2016-03-11 10:03:10.840823
199,126,2016-03-11 10:03:40.870793
206,116,2016-03-11 10:04:10.911131
203,120,2016-03-11 10:04:40.940820
203,123,2016-03-11 10:05:10.970855
206,113,2016-03-11 10:05:41.000801
200,128,2016-03-11 10:06:11.040954
208,108,2016-03-11 10:06:41.073564
196,132,2016-03-11 10:07:11.100895
209,105,2016-03-11 10:07:41.130809
192,134,2016-03-11 10:08:11.191089
209,105,2016-03-11 10:08:41.220847
192,134,2016-03-11 10:09:11.250850
209,106,2016-03-11 10:09:41.280789
196,131,2016-03-11 10:10:11.311611
208,111,2016-03-11 10:10:41.343589
199,126,2016-03-11 10:11:11.370909
206,116,2016-03-11 10:11:41.400828
203,120,2016-03-11 10:12:11.430788
203,123,2016-03-11 10:12:41.461622
206,113,2016-03-11 10:13:11.493580
200,128,2016-03-11 10:13:41.520846
208,108,2016-03-11 10:14:11.550830
196,132,2016-03-11 10:14:41.580791
209,105,2016-03-11 10:15:11.621132
192,134,2016-03-11 10:15:41.650841
209,105,2016-03-11 10:16:11.680867
192,134,2016-03-11 10:16:41.710780
209,106,2016-03-11 10:17:11.743636
193,133,2016-03-11 10:17:41.773624
209,107,2016-03-11 10:18:11.800830
197,130,2016-03-11 10:18:41.830848
207,112,2016-03-11 10:19:11.860798
200,124,2016-03-11 10:19:41.893679
205,118,2016-03-11 10:20:11.923578
204,118,2016-03-11 10:20:41.950902
202,124,2016-03-11 10:21:11.980829
206,112,2016-03-11 10:21:42.010801
199,130,2016-03-11 10:22:12.041608
208,107,2016-03-11 10:22:42.073604
195,133,2016-03-11 10:23:12.100903
209,105,2016-03-11 10:23:42.130823
191,135,2016-03-11 10:24:12.191079
209,105,2016-03-11 10:24:42.220842
193,133,2016-03-11 10:25:12.250849
209,107,2016-03-11 10:25:42.280798
197,130,2016-03-11 10:26:12.311574
207,112,2016-03-11 10:26:42.343559
200,124,2016-03-11 10:27:12.370902
205,118,2016-03-11 10:27:42.400827
204,118,2016-03-11 10:28:12.430814
202,124,2016-03-11 10:28:42.461566
206,112,2016-03-11 10:29:12.493614
199,130,2016-03-11 10:29:42.520896
208,107,2016-03-11 10:30:12.550830
195,133,2016-03-11 10:30:42.580797
209,105,2016-03-11 10:31:12.621135
191,135,2016-03-11 10:31:42.650829
209,105,2016-03-11 10:32:12.680913
193,133,2016-03-11 10:32:42.710795
209,107,2016-03-11 10:33:12.751604
197,130,2016-03-11 10:33:42.783604
207,112,2016-03-11 10:34:12.810883
200,124,2016-03-11 10:34:42.840785
205,118,2016-03-11 10:35:12.870784
204,118,2016-03-11 10:35:42.911137
202,124,2016-03-11 10:36:12.940839
204,116,2016-03-11 10:36:42.970863
201,126,2016-03-11 10:37:13.000795
207,111,2016-03-11 10:37:43.041619
198,131,2016-03-11 10:38:13.073607
209,107,2016-03-11 10:38:43.100906
194,134,2016-03-11 10:39:13.130832
209,105,2016-03-11 10:39:43.191066
190,134,2016-03-11 10:40:13.220834
209,105,2016-03-11 10:40:43.250847
194,132,2016-03-11 10:41:13.280815
209,108,2016-03-11 10:41:43.310791
198,128,2016-03-11 10:42:13.343618
207,113,2016-03-11 10:42:43.370909
201,123,2016-03-11 10:43:13.400833
204,119,2016-03-11 10:43:43.430799
204,116,2016-03-11 10:44:13.461556
201,126,2016-03-11 10:44:43.493528
207,111,2016-03-11 10:45:13.520895
198,131,2016-03-11 10:45:43.550826
209,107,2016-03-11 10:46:13.580794
194,134,2016-03-11 10:46:43.621144
209,105,2016-03-11 10:47:13.650838
190,134,2016-03-11 10:47:43.680852
209,105,2016-03-11 10:48:13.710791
194,132,2016-03-11 10:48:43.741627
209,108,2016-03-11 10:49:13.771127
198,128,2016-03-11 10:49:43.810902
207,113,2016-03-11 10:50:13.840821
201,123,2016-03-11 10:50:43.870791
204,119,2016-03-11 10:51:13.900807
204,116,2016-03-11 10:51:43.931387
201,126,2016-03-11 10:52:13.960831
207,111,2016-03-11 10:52:43.990800
198,131,2016-03-11 10:53:14.020793
209,107,2016-03-11 10:53:44.061132
194,134,2016-03-11 10:54:14.090839
209,105,2016-03-11 10:54:44.120844
191,134,2016-03-12 02:19:54.503113
209,105,2016-03-12 02:20:24.544350
192,134,2016-03-12 02:20:54.574292
209,106,2016-03-12 02:21:24.604241
196,131,2016-03-12 02:21:54.636963
208,111,2016-03-12 02:22:24.664344
199,126,2016-03-12 02:22:54.694291
206,116,2016-03-12 02:23:24.724247
203,120,2016-03-12 02:23:54.754936
203,123,2016-03-12 02:24:24.786954
206,113,2016-03-12 02:24:54.814336
200,128,2016-03-12 02:25:24.844267
208,108,2016-03-12 02:25:54.874222
196,132,2016-03-12 02:26:24.904234
209,105,2016-03-12 02:26:54.934415
192,134,2016-03-12 02:27:24.964292
209,105,2016-03-12 02:27:54.994273
192,134,2016-03-12 02:28:25.024220
209,106,2016-03-12 02:28:55.064562
196,131,2016-03-12 02:29:25.094281
208,111,2016-03-12 02:29:55.124290
199,126,2016-03-12 02:30:25.154227
206,116,2016-03-12 02:30:55.194811
203,120,2016-03-12 02:31:25.227265
203,123,2016-03-12 02:31:55.254289
206,113,2016-03-12 02:32:25.284233
200,128,2016-03-12 02:32:55.314893
208,108,2016-03-12 02:33:25.347118
196,132,2016-03-12 02:33:55.374347
209,105,2016-03-12 02:34:25.404268
192,134,2016-03-12 02:34:55.434292
209,105,2016-03-12 02:35:25.464918
192,134,2016-03-12 02:35:55.495392
209,106,2016-03-12 02:36:25.524280
196,131,2016-03-12 02:36:55.554264
208,111,2016-03-12 02:37:25.584134
199,127,2016-03-12 02:37:55.624576
206,115,2016-03-12 02:38:25.654194
200,124,2016-03-12 02:38:55.684285
205,118,2016-03-12 02:39:25.714229
204,118,2016-03-12 02:39:55.744281
202,124,2016-03-12 02:40:25.774577
206,112,2016-03-12 02:40:55.804276
199,130,2016-03-12 02:41:25.834306
208,107,2016-03-12 02:41:55.864231
195,133,2016-03-12 02:42:25.894887
209,105,2016-03-12 02:42:55.926995
191,135,2016-03-12 02:43:25.954365
209,105,2016-03-12 02:43:55.984269
193,133,2016-03-12 02:44:26.014229
209,107,2016-03-12 02:44:56.044236
197,130,2016-03-12 02:45:26.076935
207,112,2016-03-12 02:45:56.104349
200,124,2016-03-12 02:46:26.134268
205,118,2016-03-12 02:46:56.194521
204,118,2016-03-12 02:47:26.226857
202,124,2016-03-12 02:47:56.254289
206,112,2016-03-12 02:48:26.284245
199,130,2016-03-12 02:48:56.314241
208,107,2016-03-12 02:49:26.346565
195,133,2016-03-12 02:49:56.374337
209,105,2016-03-12 02:50:26.404271
191,135,2016-03-12 02:50:56.434235
209,105,2016-03-12 02:51:26.464238
193,133,2016-03-12 02:51:56.497338
209,107,2016-03-12 02:52:26.524334
197,130,2016-03-12 02:52:56.554279
207,112,2016-03-12 02:53:26.584240
200,124,2016-03-12 02:53:56.624572
205,118,2016-03-12 02:54:26.654587
204,118,2016-03-12 02:54:56.684280
202,124,2016-03-12 02:55:26.714257
191,134,2016-03-12 08:29:49.389158
209,105,2016-03-12 08:30:19.424628
192,134,2016-03-12 08:30:49.465050
209,106,2016-03-12 08:31:19.494417
196,131,2016-03-12 08:31:49.524338
208,111,2016-03-12 08:32:19.554269
191,134,2016-03-12 08:44:24.747485
209,105,2016-03-12 08:44:54.774626
191,134,2016-03-12 08:48:25.048843
191,134,2016-03-12 08:54:45.039313
191,134,2016-03-12 08:56:17.453294
191,134,2016-03-12 08:58:06.554282
191,134,2016-03-12 08:59:22.268336
209,105,2016-03-12 08:59:52.294275
191,134,2016-03-12 09:02:31.729123
191,134,2016-03-12 09:04:31.545267
209,105,2016-03-12 09:05:01.574415
192,134,2016-03-12 09:05:31.604222
191,134,2016-03-12 09:07:24.447418
191,134,2016-03-12 09:10:29.339114
191,134,2016-03-12 09:12:04.429140
191,134,2016-03-12 19:39:03.122100
209,105,2016-03-12 19:39:33.144066
192,134,2016-03-12 19:40:03.174050
209,106,2016-03-12 19:40:33.213976
196,131,2016-03-12 19:41:03.243974
208,111,2016-03-12 19:41:33.274042
199,126,2016-03-12 19:42:03.303874
206,116,2016-03-12 19:42:33.343947
203,120,2016-03-12 19:43:03.373968
203,123,2016-03-12 19:43:33.403867
206,113,2016-03-12 19:44:03.443817
200,128,2016-03-12 19:44:33.473907
208,108,2016-03-12 19:45:03.508439
196,132,2016-03-12 19:45:33.554001
209,105,2016-03-12 19:46:03.583927
192,134,2016-03-12 19:46:33.614051
209,105,2016-03-12 19:47:03.654007
192,134,2016-03-12 19:47:33.704224
209,106,2016-03-12 19:48:03.743944
196,131,2016-03-12 19:48:33.785542
208,111,2016-03-12 19:49:03.814029
199,126,2016-03-12 19:49:33.853777
206,116,2016-03-12 19:50:03.883904
203,120,2016-03-12 19:50:33.913875
203,123,2016-03-12 19:51:03.943835
206,113,2016-03-12 19:51:33.974011
200,128,2016-03-12 19:52:04.003938
208,108,2016-03-12 19:52:34.033882
196,132,2016-03-12 19:53:04.063854
209,105,2016-03-12 19:53:34.093878
192,134,2016-03-12 19:54:04.123642
209,105,2016-03-12 19:54:34.153801
192,134,2016-03-12 19:55:04.193721
209,106,2016-03-12 19:55:34.223799
196,131,2016-03-12 19:56:04.259507
208,111,2016-03-12 19:56:34.293651
199,126,2016-03-12 19:57:04.323818
206,116,2016-03-12 19:57:34.353904
203,120,2016-03-12 19:58:04.383825
203,123,2016-03-12 19:58:34.413879
206,113,2016-03-12 19:59:04.443872
200,128,2016-03-12 19:59:34.476383
208,108,2016-03-12 20:00:04.506545
196,132,2016-03-12 20:00:34.533977
209,105,2016-03-12 20:01:04.563990
192,134,2016-03-12 20:01:34.593890
209,105,2016-03-12 20:02:04.625923
192,134,2016-03-12 20:02:34.655379
209,106,2016-03-12 20:03:04.685684
196,131,2016-03-12 20:03:34.715954
208,111,2016-03-12 20:04:04.746763
199,126,2016-03-12 20:04:34.773897
206,116,2016-03-12 20:05:04.803926
203,120,2016-03-12 20:05:34.835135
203,123,2016-03-12 20:06:04.866660
206,113,2016-03-12 20:06:34.896667
200,128,2016-03-12 20:07:04.923966
208,108,2016-03-12 20:07:34.957212
196,132,2016-03-12 20:08:04.986625
209,105,2016-03-12 20:08:35.015111
192,134,2016-03-12 20:09:05.047516
209,105,2016-03-12 20:09:35.083980
192,134,2016-03-12 20:10:05.123908
209,106,2016-03-12 20:10:35.154329
191,134,2016-03-12 20:10:55.568409
207,109,2016-03-12 20:11:25.604116
205,118,2016-03-12 20:11:55.644019
195,132,2016-03-12 20:12:25.673988
209,105,2016-03-12 20:12:55.713952
200,127,2016-03-12 20:13:25.744290
200,124,2016-03-12 20:13:55.783930
209,106,2016-03-12 20:14:25.814050
191,134,2016-03-12 20:14:27.601326
191,134,2016-03-12 20:14:38.941918
207,109,2016-03-12 20:15:08.984021
205,118,2016-03-12 20:15:39.013970
191,134,2016-03-12 20:16:08.442728
195,132,2016-03-12 20:16:09.053902
191,134,2016-03-12 20:16:24.203083
207,109,2016-03-12 20:16:54.234410
205,118,2016-03-12 20:17:24.263972
195,132,2016-03-12 20:17:54.303947
209,105,2016-03-12 20:18:24.333836
191,134,2016-03-12 20:18:54.359801
200,127,2016-03-12 20:18:54.370048
191,134,2016-03-12 20:19:03.813164
207,109,2016-03-12 20:19:33.844276
205,118,2016-03-12 20:20:03.883904
195,132,2016-03-12 20:20:33.913945
209,105,2016-03-12 20:21:03.943878
200,127,2016-03-12 20:21:33.973851
200,124,2016-03-12 20:22:04.003867
209,106,2016-03-12 20:22:34.033856
195,133,2016-03-12 20:23:04.063813
0,0,2016-03-12 20:28:09.463853
0,0,2016-03-12 20:28:34.806813
0,0,2016-03-12 20:29:04.696221
0,0,2016-03-12 20:29:34.723961
0,0,2016-03-12 20:30:04.763906
0,0,2016-03-12 20:30:34.793800
0,0,2016-03-12 20:31:04.823910
53,71,2016-03-12 20:31:34.863918
86,86,2016-03-12 20:32:04.903885
84,83,2016-03-12 20:32:34.933755
83,82,2016-03-12 20:33:04.963787
82,81,2016-03-12 20:33:35.003860
81,81,2016-03-12 20:34:05.040147
81,80,2016-03-12 20:34:35.073638
80,79,2016-03-12 20:35:05.114058
80,79,2016-03-12 20:35:35.143840
80,80,2016-03-12 20:36:05.173976
80,79,2016-03-12 20:36:35.209908
80,80,2016-03-12 20:37:05.241819
79,80,2016-03-12 20:37:35.270286
80,79,2016-03-12 20:38:05.293965
80,80,2016-03-12 20:38:35.323922
80,79,2016-03-12 20:39:05.363879
80,79,2016-03-12 20:39:35.393912
80,80,2016-03-12 20:40:05.423719
79,80,2016-03-12 20:40:35.453747
80,80,2016-03-12 20:41:05.483916
80,80,2016-03-12 20:41:35.523695
80,80,2016-03-12 20:42:05.553772
80,80,2016-03-12 20:42:35.583912
80,79,2016-03-12 20:43:05.613772
80,79,2016-03-12 20:43:35.643798
80,80,2016-03-12 20:44:05.673718
80,80,2016-03-12 20:44:35.703933
80,80,2016-03-12 20:45:05.733754
80,80,2016-03-12 20:45:35.763736
80,80,2016-03-12 20:46:05.793780
80,79,2016-03-12 20:46:35.823741
79,80,2016-03-12 20:47:05.863866
80,80,2016-03-12 20:47:35.895293
80,80,2016-03-12 20:48:05.923919
80,80,2016-03-12 20:48:35.955099
80,80,2016-03-12 20:49:05.993853
80,80,2016-03-12 20:49:36.033838
80,80,2016-03-12 20:50:06.074055
80,80,2016-03-12 20:50:36.103852
80,79,2016-03-12 20:51:06.144110
80,80,2016-03-12 20:51:36.173906
80,80,2016-03-12 20:52:06.213838
81,81,2016-03-12 20:52:36.243890
81,83,2016-03-12 20:53:06.273937
82,84,2016-03-12 20:53:36.313855
82,85,2016-03-12 20:54:06.343656
82,85,2016-03-12 20:54:36.373833
82,86,2016-03-12 20:55:06.418763
82,86,2016-03-12 20:55:36.443889
82,86,2016-03-12 20:56:06.483889
82,86,2016-03-12 20:56:36.523789
82,86,2016-03-12 20:57:06.563832
82,86,2016-03-12 20:57:36.603877
82,86,2016-03-12 20:58:06.633935
82,86,2016-03-12 20:58:36.663941
82,86,2016-03-12 20:59:06.703831
82,86,2016-03-12 20:59:36.733744
81,87,2016-03-12 21:00:06.763756
81,87,2016-03-12 21:00:36.803749
82,87,2016-03-12 21:01:06.843738
83,87,2016-03-12 21:01:36.873965
84,86,2016-03-12 21:02:06.903827
83,85,2016-03-12 21:02:36.933732
82,84,2016-03-12 21:03:06.963738
82,82,2016-03-12 21:03:36.993750
82,82,2016-03-12 21:04:07.023738
82,81,2016-03-12 21:04:37.061903
82,81,2016-03-12 21:05:07.083789
82,80,2016-03-12 21:05:37.113727
81,81,2016-03-12 21:06:07.143628
0,0,2016-03-12 21:31:35.051675
476,53,2016-03-12 21:25:12.720866
479,52,2016-03-12 21:25:42.762362
482,52,2016-03-12 21:26:12.794199
487,52,2016-03-12 21:26:42.825297
501,53,2016-03-12 21:27:12.857184
511,54,2016-03-12 21:27:42.885896
521,55,2016-03-12 21:28:12.917447
522,55,2016-03-12 21:28:42.947405
525,55,2016-03-12 21:29:12.977406
527,55,2016-03-12 21:29:43.009397
512,55,2016-03-12 21:30:13.039257
497,55,2016-03-12 21:30:43.069398
510,56,2016-03-12 21:31:13.101402
505,56,2016-03-12 21:31:43.132215
500,56,2016-03-12 21:32:13.162314
510,56,2016-03-12 21:32:43.202182
503,56,2016-03-12 21:33:13.232224
497,56,2016-03-12 21:33:43.262224
491,56,2016-03-12 21:34:13.292217
481,57,2016-03-12 21:34:43.322196
483,55,2016-03-12 21:35:13.362351
477,56,2016-03-12 21:35:43.402343
464,56,2016-03-12 21:36:13.432382
493,56,2016-03-12 21:36:43.462364
509,61,2016-03-12 21:37:13.512404
448,115,2016-03-12 21:37:43.542555
469,133,2016-03-12 21:38:13.572451
506,137,2016-03-12 21:38:43.602247
496,139,2016-03-12 21:39:13.642360
497,79,2016-03-12 21:39:43.682315
504,143,2016-03-12 21:40:13.712380
498,152,2016-03-12 21:40:43.752367
494,146,2016-03-12 21:41:13.790118
486,137,2016-03-12 21:41:43.822446
831,73,2016-03-12 21:42:13.852602
992,57,2016-03-12 21:42:43.892322
0,54,2016-03-12 21:43:13.932345
0,54,2016-03-12 21:43:43.962436
810,53,2016-03-12 21:44:13.992385
255,53,2016-03-12 21:44:44.032361
1055,53,2016-03-12 21:45:14.072205
572,54,2016-03-12 21:45:44.112365
536,54,2016-03-12 21:46:14.152206
558,54,2016-03-12 21:46:44.182375
1103,54,2016-03-12 21:47:14.212247
538,55,2016-03-12 21:47:44.249466
530,55,2016-03-12 21:48:14.272206
1388,55,2016-03-12 21:48:44.312239
1060,56,2016-03-12 21:49:14.352358
1041,56,2016-03-12 21:49:44.382316
1609,56,2016-03-12 21:50:14.422275
1574,56,2016-03-12 21:50:44.452330
1324,57,2016-03-12 21:51:14.502203
520,57,2016-03-12 21:51:44.542354
544,57,2016-03-12 21:52:14.572418
830,57,2016-03-12 21:52:44.612396
1090,57,2016-03-12 21:53:14.642405
534,57,2016-03-12 21:53:44.672272
789,58,2016-03-12 21:54:14.709293
1364,57,2016-03-12 21:54:44.732214
1349,57,2016-03-12 21:55:14.762625
1380,58,2016-03-12 21:55:44.792209
841,58,2016-03-12 21:56:14.822228
1369,58,2016-03-12 21:56:44.852343
778,58,2016-03-12 21:57:14.882183
802,58,2016-03-12 21:57:44.912186
1387,58,2016-03-12 21:58:14.942126
1081,59,2016-03-12 21:58:44.972152
1676,59,2016-03-12 21:59:15.002215
829,59,2016-03-12 21:59:45.032229
1645,59,2016-03-12 22:00:15.062243
1374,59,2016-03-12 22:00:45.092367
1403,59,2016-03-12 22:01:15.123753
537,59,2016-03-12 22:01:45.152224
1096,59,2016-03-12 22:02:15.182233
1090,59,2016-03-12 22:02:45.212212
779,59,2016-03-12 22:03:15.242592
814,59,2016-03-12 22:03:45.272211
1067,59,2016-03-12 22:04:15.302209
530,59,2016-03-12 22:04:45.333530
1105,59,2016-03-12 22:05:15.362240
1101,59,2016-03-12 22:05:45.392234
802,59,2016-03-12 22:06:15.422131
256,59,2016-03-12 22:06:45.452245
1074,59,2016-03-12 22:07:15.482210
815,59,2016-03-12 22:07:45.512217
801,59,2016-03-12 22:08:15.542239
836,59,2016-03-12 22:08:45.572207
1095,59,2016-03-12 22:09:15.602218
807,60,2016-03-12 22:09:45.632235
824,60,2016-03-12 22:10:15.662230
815,60,2016-03-12 22:10:45.692221
834,60,2016-03-12 22:11:15.722221
1102,60,2016-03-12 22:11:45.759479
825,59,2016-03-12 22:12:15.786417
850,60,2016-03-12 22:12:45.812250
288,60,2016-03-12 22:13:15.842252
838,59,2016-03-12 22:13:45.872258
862,59,2016-03-12 22:14:15.902340
853,59,2016-03-12 22:14:45.942320
1356,59,2016-03-12 22:15:15.972225
525,59,2016-03-12 22:15:46.015327
1061,59,2016-03-12 22:16:16.052288
1438,60,2016-03-12 22:16:46.082264
556,60,2016-03-12 22:17:16.112442
845,59,2016-03-12 22:17:46.142368
577,59,2016-03-12 22:18:16.172386
825,59,2016-03-12 22:18:46.212235
1417,59,2016-03-12 22:19:16.252342
271,59,2016-03-12 22:19:46.292329
537,59,2016-03-12 22:20:16.328850
814,59,2016-03-12 22:20:46.353413
273,59,2016-03-12 22:21:16.392347
574,59,2016-03-12 22:21:46.422433
281,59,2016-03-12 22:22:16.452447
858,59,2016-03-12 22:22:46.497357
573,59,2016-03-12 22:23:16.525357
582,59,2016-03-12 22:23:46.560407
0,59,2016-03-12 22:24:16.582429
0,59,2016-03-12 22:24:46.622341
0,59,2016-03-12 22:25:16.655326
0,59,2016-03-12 22:25:46.682282
0,59,2016-03-12 22:26:16.724106
0,59,2016-03-12 22:26:46.752269
0,59,2016-03-12 22:27:16.788376
0,59,2016-03-12 22:27:46.822209
0,59,2016-03-12 22:28:16.862346
0,59,2016-03-12 22:28:46.902387
0,59,2016-03-12 22:29:16.932373
0,59,2016-03-12 22:29:46.962414
0,59,2016-03-12 22:30:16.996442
0,59,2016-03-12 22:30:47.032313
0,59,2016-03-12 22:31:17.065805
0,59,2016-03-12 22:31:47.102197
0,60,2016-03-12 22:32:17.132459
0,59,2016-03-12 22:32:47.172312
0,59,2016-03-12 22:33:17.212321
0,59,2016-03-12 22:33:47.252361
0,59,2016-03-12 22:34:17.282379
0,59,2016-03-12 22:34:47.315684
0,59,2016-03-12 22:35:17.344394
0,60,2016-03-12 22:35:47.375355
0,60,2016-03-12 22:36:17.403746
0,60,2016-03-12 22:36:47.433891
0,60,2016-03-12 22:37:17.462379
0,60,2016-03-12 22:37:47.496470
0,60,2016-03-12 22:38:17.524128
0,60,2016-03-12 22:38:47.553702
0,60,2016-03-12 22:39:17.585217
0,60,2016-03-12 22:39:47.613468
0,61,2016-03-12 22:40:17.645559
0,61,2016-03-12 22:40:47.674789
0,61,2016-03-12 22:41:17.702122
0,61,2016-03-12 22:41:47.735756
0,61,2016-03-12 22:42:17.764018
0,61,2016-03-12 22:42:47.792228
0,61,2016-03-12 22:43:17.822376
0,61,2016-03-12 22:43:47.857539
0,62,2016-03-12 22:44:17.883345
0,62,2016-03-12 22:44:47.912304
0,62,2016-03-12 22:45:17.944284
0,61,2016-03-12 22:45:47.974790
0,61,2016-03-12 22:46:18.002277
0,61,2016-03-12 22:46:48.034900
0,0,2016-03-13 14:05:34.752373
0,0,2016-03-13 14:06:04.780861
0,0,2016-03-13 14:06:34.810691
0,0,2016-03-13 14:07:04.840627
0,0,2016-03-13 14:07:34.870640
0,0,2016-03-13 14:08:04.900619
0,0,2016-03-13 14:08:34.940633
0,0,2016-03-13 14:09:04.970605
0,0,2016-03-13 14:09:35.000635
0,0,2016-03-13 14:10:05.030628
0,0,2016-03-13 14:10:35.060600
0,0,2016-03-13 14:11:05.090596
0,0,2016-03-13 14:11:35.120669
0,0,2016-03-13 14:12:05.150645
0,0,2016-03-13 14:12:35.180704
0,0,2016-03-13 14:13:05.210787
0,0,2016-03-13 14:13:35.250698
0,0,2016-03-13 14:14:05.300658
0,0,2016-03-13 14:14:35.330778
0,0,2016-03-13 14:15:05.360727
0,0,2016-03-13 14:15:35.395099
0,0,2016-03-13 14:16:05.420706
0,0,2016-03-13 14:16:35.450689
0,0,2016-03-13 14:17:05.480707
0,0,2016-03-13 14:17:35.510675
0,0,2016-03-13 14:18:05.540758
0,0,2016-03-13 14:18:35.586972
0,0,2016-03-13 14:19:05.620675
0,0,2016-03-13 14:19:35.670745
0,0,2016-03-13 14:20:05.710736
0,0,2016-03-13 14:20:35.750707
0,0,2016-03-13 14:21:05.780683
0,0,2016-03-13 14:21:35.820737
0,0,2016-03-13 14:22:05.850711
0,0,2016-03-13 14:22:35.890660
0,0,2016-03-13 14:23:05.920639
0,0,2016-03-13 14:23:35.950639
0,0,2016-03-13 14:24:05.980623
0,0,2016-03-13 14:24:36.010615
0,0,2016-03-13 14:25:06.040624
0,0,2016-03-13 14:25:36.070698
0,0,2016-03-13 14:26:06.100854
0,0,2016-03-13 14:26:36.130638
0,0,2016-03-13 14:27:06.160632
0,0,2016-03-13 14:27:36.190651
0,0,2016-03-13 14:28:06.220967
0,0,2016-03-13 14:28:36.250634
0,0,2016-03-13 14:29:06.280643
0,0,2016-03-13 14:29:36.310636
0,0,2016-03-13 14:30:06.341820
0,0,2016-03-13 14:30:36.371567
0,0,2016-03-13 14:31:06.400642
0,0,2016-03-13 14:31:36.430630
0,0,2016-03-13 14:32:06.460632
0,0,2016-03-13 14:32:36.490636
0,0,2016-03-13 14:33:06.521944
0,0,2016-03-13 14:33:36.552358
0,0,2016-03-13 14:34:06.586100
0,0,2016-03-13 14:34:36.613732
0,0,2016-03-13 14:35:06.640745
0,0,2016-03-13 14:35:36.670688
0,0,2016-03-13 14:36:06.702211
0,0,2016-03-13 14:36:36.733820
0,0,2016-03-13 14:37:06.762296
0,0,2016-03-13 14:37:36.790667
0,0,2016-03-13 14:38:06.821995
0,0,2016-03-13 14:38:36.851899
0,0,2016-03-13 14:39:06.884349
0,0,2016-03-13 14:39:36.910758
0,0,2016-03-13 14:40:06.940684
0,0,2016-03-13 14:40:36.970746
0,0,2016-03-13 14:41:07.002191
0,0,2016-03-13 14:57:37.689983
0,0,2016-03-13 14:58:07.720438
0,0,2016-03-13 14:58:16.881687
0,0,2016-03-13 14:58:46.915354
0,0,2016-03-13 14:59:16.942420
0,0,2016-03-13 14:59:46.975211
0,0,2016-03-13 15:00:17.005320
0,0,2016-03-13 15:00:47.032441
0,0,2016-03-13 15:01:17.062540
0,0,2016-03-13 15:01:47.093989
0,0,2016-03-13 15:02:17.262616
0,0,2016-03-13 15:02:47.292599
0,0,2016-03-13 15:03:07.905757
0,0,2016-03-13 15:03:17.322366
0,0,2016-03-13 15:03:38.905341
0,0,2016-03-13 15:04:08.932414
0,0,2016-03-13 15:04:38.962348
0,0,2016-03-13 15:05:08.995425
0,0,2016-03-13 15:05:39.027298
0,0,2016-03-13 15:06:09.052356
0,0,2016-03-13 15:06:39.084477
0,0,2016-03-13 15:07:09.113115
0,0,2016-03-13 15:07:39.142385
0,0,2016-03-13 15:08:09.172962
0,0,2016-03-13 15:08:39.202392
0,0,2016-03-13 15:09:09.235334
0,0,2016-03-13 15:09:39.262382
0,0,2016-03-13 15:10:09.302079
0,0,2016-03-13 15:10:39.352326
0,0,2016-03-13 15:11:09.385536
0,0,2016-03-13 15:11:39.415191
0,0,2016-03-13 15:12:09.442488
0,0,2016-03-13 15:12:39.472385
0,0,2016-03-13 15:13:09.502359
0,0,2016-03-13 15:13:39.532362
0,0,2016-03-13 15:14:09.562344
0,0,2016-03-13 15:14:39.592355
0,0,2016-03-13 15:15:09.623165
0,0,2016-03-13 15:15:39.652393
0,0,2016-03-13 15:16:09.682385
0,0,2016-03-13 15:16:39.712380
0,0,2016-03-13 15:17:09.742352
0,0,2016-03-13 15:17:39.772336
0,0,2016-03-13 15:18:09.802354
0,0,2016-03-13 15:18:39.832338
0,0,2016-03-13 15:19:09.862373
0,0,2016-03-13 15:19:39.892371
0,0,2016-03-13 15:20:09.922353
0,0,2016-03-13 15:20:39.952383
0,0,2016-03-13 15:21:09.982377
0,0,2016-03-13 15:21:40.012359
0,0,2016-03-13 15:22:10.042371
0,0,2016-03-13 15:22:40.072362
0,0,2016-03-13 15:23:10.102373
0,0,2016-03-13 15:23:40.132412
0,0,2016-03-13 15:24:10.162604
0,0,2016-03-13 15:24:40.192375
0,0,2016-03-13 15:25:10.222381
0,0,2016-03-13 15:25:40.256954
0,0,2016-03-13 15:26:10.282366
0,0,2016-03-13 15:26:40.312352
0,0,2016-03-13 15:27:10.342691
0,0,2016-03-13 15:27:40.372350
0,0,2016-03-13 15:28:10.402384
0,0,2016-03-13 15:28:40.433352
0,0,2016-03-13 15:29:10.462402
0,0,2016-03-13 15:29:40.492647
0,0,2016-03-13 15:30:10.522376
0,0,2016-03-13 15:30:40.552372
0,0,2016-03-13 15:31:10.582379
0,0,2016-03-13 15:31:40.612370
0,0,2016-03-13 15:32:10.642383
0,0,2016-03-13 15:32:40.672384
0,0,2016-03-13 15:33:10.702358
0,0,2016-03-13 15:33:40.732371
0,0,2016-03-13 15:34:10.762376
0,0,2016-03-13 15:34:40.792460
0,0,2016-03-13 15:35:10.822392
0,0,2016-03-13 15:35:40.862425
0,0,2016-03-13 15:36:10.892392
0,0,2016-03-13 15:36:40.922390
0,0,2016-03-13 15:37:10.962464
0,0,2016-03-13 15:37:40.992387
0,0,2016-03-13 15:38:11.022377
0,0,2016-03-13 15:38:41.052403
0,0,2016-03-13 15:39:11.082420
0,0,2016-03-13 15:39:41.112357
0,0,2016-03-13 15:40:11.142370
0,0,2016-03-13 15:40:41.172349
0,0,2016-03-13 15:41:11.202403
0,0,2016-03-13 15:41:41.242433
0,0,2016-03-13 15:42:11.272362
0,0,2016-03-13 15:42:41.302409
0,0,2016-03-13 15:43:11.332358
0,0,2016-03-13 15:43:41.362372
0,0,2016-03-13 15:44:11.392921
0,0,2016-03-13 15:44:41.422360
0,0,2016-03-13 15:45:11.452357
0,0,2016-03-13 15:45:41.482385
0,0,2016-03-13 15:46:11.512353
0,0,2016-03-13 15:46:41.542329
0,0,2016-03-13 15:47:11.572332
0,0,2016-03-13 15:47:41.602347
0,0,2016-03-13 15:48:11.632316
0,0,2016-03-13 15:48:41.672369
0,0,2016-03-13 15:49:11.702391
0,0,2016-03-13 15:49:41.742346
0,0,2016-03-13 15:50:11.772339
0,0,2016-03-13 15:50:41.802300
0,0,2016-03-13 15:51:11.832362
0,0,2016-03-13 15:51:41.862308
0,0,2016-03-13 15:52:11.892356
0,0,2016-03-13 15:52:41.922345
0,0,2016-03-13 15:53:11.952327
0,0,2016-03-13 15:53:41.982359
0,0,2016-03-13 15:54:12.012371
0,0,2016-03-13 15:54:42.042315
0,0,2016-03-13 15:55:12.072349
0,0,2016-03-13 15:55:42.105951
0,0,2016-03-13 15:56:12.132418
0,0,2016-03-13 15:56:42.162494
0,0,2016-03-13 15:57:12.192470
0,0,2016-03-13 15:57:42.222450
0,0,2016-03-13 15:58:12.252346
0,0,2016-03-13 15:58:42.282334
0,0,2016-03-13 15:59:12.312370
0,0,2016-03-13 15:59:42.342367
0,0,2016-03-13 16:00:12.372360
0,0,2016-03-13 16:00:42.402374
0,0,2016-03-13 16:01:12.433187
0,0,2016-03-13 16:01:42.462482
0,0,2016-03-13 16:02:12.492387
0,0,2016-03-13 16:02:42.522461
0,0,2016-03-13 16:03:12.552362
0,0,2016-03-13 16:03:42.582364
0,0,2016-03-13 16:04:12.612354
0,0,2016-03-13 16:04:42.642364
0,0,2016-03-13 16:05:12.682340
0,0,2016-03-13 16:05:42.712363
0,0,2016-03-13 16:06:12.742400
0,0,2016-03-13 16:06:42.772360
0,0,2016-03-13 16:07:12.802341
0,0,2016-03-13 16:07:42.832346
0,0,2016-03-13 16:08:12.862351
0,0,2016-03-13 16:08:42.892354
0,0,2016-03-13 16:09:12.922358
0,0,2016-03-13 16:09:42.952343
0,0,2016-03-13 16:10:12.982365
0,0,2016-03-13 16:10:43.012358
0,0,2016-03-13 16:11:13.042378
0,0,2016-03-13 16:11:43.082335
0,0,2016-03-13 16:12:13.112354
0,0,2016-03-13 16:12:43.142361
0,0,2016-03-13 16:13:13.172366
0,0,2016-03-13 16:13:43.202370
0,0,2016-03-13 16:14:13.242326
0,0,2016-03-13 16:14:43.272368
0,0,2016-03-13 16:15:13.302353
0,0,2016-03-13 16:15:43.332360
0,0,2016-03-13 16:16:13.362355
0,0,2016-03-13 16:16:43.402362
0,0,2016-03-13 16:17:13.433188
0,0,2016-03-13 16:17:43.462368
0,0,2016-03-13 16:18:13.492359
0,0,2016-03-13 16:18:43.522409
0,0,2016-03-13 16:19:13.552369
0,0,2016-03-13 16:19:43.582364
0,0,2016-03-13 16:20:13.612367
0,0,2016-03-13 16:20:43.643866
0,0,2016-03-13 16:21:13.672365
0,0,2016-03-13 16:21:43.702348
0,0,2016-03-13 16:22:13.732352
0,0,2016-03-13 16:22:43.762358
0,0,2016-03-13 16:23:13.792345
0,0,2016-03-13 16:23:43.822360
0,0,2016-03-13 16:24:13.852347
0,0,2016-03-13 16:24:43.882344
0,0,2016-03-13 16:25:13.912362
0,0,2016-03-13 16:25:43.942355
0,0,2016-03-13 16:26:13.972347
0,0,2016-03-13 16:26:44.002355
0,0,2016-03-13 16:27:14.032363
0,0,2016-03-13 16:27:44.062362
0,0,2016-03-13 16:28:14.092351
0,0,2016-03-13 16:28:44.122367
0,0,2016-03-13 16:29:14.153726
0,0,2016-03-13 16:29:44.182354
0,0,2016-03-13 16:30:14.212347
0,0,2016-03-13 16:30:44.242373
0,0,2016-03-13 16:31:14.273926
0,0,2016-03-13 16:31:44.302370
0,0,2016-03-13 16:32:14.332610
0,0,2016-03-13 16:32:44.362364
0,0,2016-03-13 16:33:14.395716
0,0,2016-03-13 16:33:44.427604
0,0,2016-03-13 16:34:14.462538
0,0,2016-03-13 16:34:44.501478
0,0,2016-03-13 16:35:14.534195
0,0,2016-03-13 16:35:44.562455
0,0,2016-03-13 16:36:14.596386
0,0,2016-03-13 16:36:44.626347
0,0,2016-03-13 16:37:14.657109
0,0,2016-03-13 16:37:44.682365
0,0,2016-03-13 16:38:14.715490
0,0,2016-03-13 16:38:44.742361
0,0,2016-03-13 16:39:14.777252
0,0,2016-03-13 16:39:44.806665
0,0,2016-03-13 16:40:14.832345
0,0,2016-03-13 16:40:44.862357
0,0,2016-03-13 16:41:14.892371
0,0,2016-03-13 16:41:44.922375
0,0,2016-03-13 16:42:14.952383
0,0,2016-03-13 16:42:44.982351
0,0,2016-03-13 16:43:15.012346
0,0,2016-03-13 16:43:45.042376
0,0,2016-03-13 16:44:15.082431
0,0,2016-03-13 16:44:45.112362
0,0,2016-03-13 16:45:15.142365
0,0,2016-03-13 16:45:45.172389
0,0,2016-03-13 16:46:15.202368
0,0,2016-03-13 16:46:45.232367
0,0,2016-03-13 16:47:15.262370
0,0,2016-03-13 16:47:45.292373
0,0,2016-03-13 16:48:15.325733
0,0,2016-03-13 16:48:45.352312
0,0,2016-03-13 16:49:15.382354
0,0,2016-03-13 16:49:45.422449
0,0,2016-03-13 16:50:15.452406
0,0,2016-03-13 16:50:45.482356
0,0,2016-03-13 16:51:15.512363
0,0,2016-03-13 16:51:45.543185
0,0,2016-03-13 16:52:15.582531
0,0,2016-03-13 16:52:45.612372
0,0,2016-03-13 16:53:15.642329
0,0,2016-03-13 16:53:45.672422
0,0,2016-03-13 16:54:15.702334
0,0,2016-03-13 16:54:45.732349
0,0,2016-03-13 16:55:15.762315
0,0,2016-03-13 16:55:45.798516
0,0,2016-03-13 16:56:15.822346
0,0,2016-03-13 16:56:45.852357
0,0,2016-03-13 16:57:15.882363
0,0,2016-03-13 16:57:45.912348
0,0,2016-03-13 16:58:15.942346
0,0,2016-03-13 16:58:45.972360
0,0,2016-03-13 16:59:16.002354
0,0,2016-03-13 16:59:46.032354
0,0,2016-03-13 17:00:16.062363
0,0,2016-03-13 17:00:46.092352
0,0,2016-03-13 17:01:16.122353
0,0,2016-03-13 17:01:46.152351
0,0,2016-03-13 17:02:16.182409
0,0,2016-03-13 17:02:46.212365
0,0,2016-03-13 17:03:16.243048
0,0,2016-03-13 17:03:46.272674
0,0,2016-03-13 17:04:16.302361
0,0,2016-03-13 17:04:46.332403
0,0,2016-03-13 17:05:16.362376
0,0,2016-03-13 17:05:46.392363
0,0,2016-03-13 17:06:16.422350
0,0,2016-03-13 17:06:46.455731
0,0,2016-03-13 17:07:16.482351
0,0,2016-03-13 17:07:46.522386
0,0,2016-03-13 17:08:16.552378
0,0,2016-03-13 17:08:46.582369
0,0,2016-03-13 17:09:16.615496
0,0,2016-03-13 17:09:46.642369
0,0,2016-03-13 17:10:16.672391
0,0,2016-03-13 17:10:46.702375
0,0,2016-03-13 17:11:16.742380
0,0,2016-03-13 17:11:46.772368
0,0,2016-03-13 17:12:16.804487
0,0,2016-03-13 17:12:46.837723
0,0,2016-03-13 17:13:16.862353
0,0,2016-03-13 17:13:46.892368
0,0,2016-03-13 17:14:16.922640
0,0,2016-03-13 17:14:46.952340
0,0,2016-03-13 17:15:16.982356
0,0,2016-03-13 17:15:47.012369
0,0,2016-03-13 17:16:17.042461
0,0,2016-03-13 17:16:47.072621
0,0,2016-03-13 17:17:17.102335
0,0,2016-03-13 17:17:47.142338
0,0,2016-03-13 17:18:17.172355
0,0,2016-03-13 17:18:47.202357
0,0,2016-03-13 17:19:17.232354
0,0,2016-03-13 17:19:47.263346
0,0,2016-03-13 17:20:17.292359
0,0,2016-03-13 17:20:47.322362
0,0,2016-03-13 17:21:17.353344
0,0,2016-03-13 17:21:47.382605
0,0,2016-03-13 17:22:17.412607
0,0,2016-03-13 17:22:47.442376
0,0,2016-03-13 17:23:17.472635
0,0,2016-03-13 17:23:47.502368
0,0,2016-03-13 17:24:17.532386
0,0,2016-03-13 17:24:47.572431
0,0,2016-03-13 17:25:17.611567
0,0,2016-03-13 17:25:47.642359
0,0,2016-03-13 17:26:17.672347
0,0,2016-03-13 17:26:47.702381
0,0,2016-03-13 17:27:17.742339
0,0,2016-03-13 17:27:47.772375
0,0,2016-03-13 17:28:17.802456
0,0,2016-03-13 17:28:47.832381
0,0,2016-03-13 17:29:17.872416
0,0,2016-03-13 17:29:47.902369
0,0,2016-03-13 17:30:17.932383
0,0,2016-03-13 17:30:47.962341
0,0,2016-03-13 17:31:17.992347
0,0,2016-03-13 17:31:48.022366
0,0,2016-03-13 17:32:18.062430
0,0,2016-03-13 17:32:48.092371
0,0,2016-03-13 17:33:18.132428
0,0,2016-03-13 17:33:48.174660
0,0,2016-03-13 17:34:18.202379
0,0,2016-03-13 17:34:48.242423
0,0,2016-03-13 17:35:18.272521
0,0,2016-03-13 17:35:48.302367
0,0,2016-03-13 17:36:18.352793
0,0,2016-03-13 17:36:48.385139
0,0,2016-03-13 17:37:18.420581
0,0,2016-03-13 17:37:48.452362
0,0,2016-03-13 17:38:18.492462
0,0,2016-03-13 17:38:48.522384
0,0,2016-03-13 17:39:18.562341
0,0,2016-03-13 17:39:48.592385
0,0,2016-03-13 17:40:18.637442
0,0,2016-03-13 17:40:48.662515
0,0,2016-03-13 17:41:18.701643
0,0,2016-03-13 17:41:48.732455
0,0,2016-03-13 17:42:18.762420
0,0,2016-03-13 17:42:48.792442
0,0,2016-03-13 17:43:18.822367
0,0,2016-03-13 17:43:48.852361
0,0,2016-03-13 17:44:18.882372
0,0,2016-03-13 17:44:48.912351
0,0,2016-03-13 17:45:18.942368
0,0,2016-03-13 17:45:48.972368
0,0,2016-03-13 17:46:19.002352
0,0,2016-03-13 17:46:49.032348
0,0,2016-03-13 17:47:19.062367
0,0,2016-03-13 17:47:49.102333
0,0,2016-03-13 17:48:19.132402
0,0,2016-03-13 17:48:49.162353
0,0,2016-03-13 17:49:19.192366
0,0,2016-03-13 17:49:49.222351
0,0,2016-03-13 17:50:19.252348
0,0,2016-03-13 17:50:49.287689
0,0,2016-03-13 17:51:19.312353
0,0,2016-03-13 17:51:49.342357
0,0,2016-03-13 17:52:19.372348
0,0,2016-03-13 17:52:49.402359
0,0,2016-03-13 17:53:19.433183
0,0,2016-03-13 17:53:49.462406
0,0,2016-03-13 17:54:19.492351
0,0,2016-03-13 17:54:49.522457
0,0,2016-03-13 17:55:19.552467
0,0,2016-03-13 17:55:49.592424
0,0,2016-03-13 17:56:19.624179
0,0,2016-03-13 17:56:49.652391
0,0,2016-03-13 17:57:19.682366
0,0,2016-03-13 17:57:49.712344
0,0,2016-03-13 17:58:19.742363
0,0,2016-03-13 17:58:49.778195
0,0,2016-03-13 17:59:19.802386
0,0,2016-03-13 17:59:49.842377
0,0,2016-03-13 18:00:19.882400
0,0,2016-03-13 18:00:49.912408
0,0,2016-03-13 18:01:19.942366
0,0,2016-03-13 18:01:49.972368
0,0,2016-03-13 18:02:20.002376
0,0,2016-03-13 18:02:50.032365
0,0,2016-03-13 18:03:20.062524
0,0,2016-03-13 18:03:50.092704
0,0,2016-03-13 18:04:20.125047
0,0,2016-03-13 18:04:50.152814
0,0,2016-03-13 18:05:20.182517
0,0,2016-03-13 18:05:50.212546
0,0,2016-03-13 18:06:20.242792
0,0,2016-03-13 18:06:50.272683
0,0,2016-03-13 18:07:20.302767
0,0,2016-03-13 18:07:50.332368
0,0,2016-03-13 18:08:20.362552
0,0,2016-03-13 18:08:50.392808
0,0,2016-03-13 18:09:20.422776
0,0,2016-03-13 18:09:50.452357
0,0,2016-03-13 18:10:20.482757
0,0,2016-03-13 18:10:50.512497
0,0,2016-03-13 18:11:20.542722
0,0,2016-03-13 18:11:50.572583
0,0,2016-03-13 18:12:20.602761
0,0,2016-03-13 18:12:50.632516
0,0,2016-03-13 18:13:20.672518
0,0,2016-03-13 18:13:50.712427
0,0,2016-03-13 18:14:20.742365
0,0,2016-03-13 18:14:50.772861
0,0,2016-03-13 18:15:20.802374
0,0,2016-03-13 18:15:50.842385
0,0,2016-03-13 18:16:20.882430
0,0,2016-03-13 18:16:50.912359
0,0,2016-03-13 18:17:20.962342
0,0,2016-03-13 18:17:51.002398
0,0,2016-03-13 18:18:21.037465
0,0,2016-03-13 18:18:51.062362
0,0,2016-03-13 18:19:21.092365
0,0,2016-03-13 18:19:51.122381
0,0,2016-03-13 18:20:21.169697
0,0,2016-03-13 18:20:51.192372
0,0,2016-03-13 18:21:21.230423
0,0,2016-03-13 18:21:51.252470
0,0,2016-03-13 18:22:21.292418
0,0,2016-03-13 18:22:51.337804
0,0,2016-03-13 18:23:21.362362
0,0,2016-03-13 18:23:51.393466
0,0,2016-03-13 18:24:21.423466
0,0,2016-03-13 18:24:51.452359
0,0,2016-03-13 18:25:21.482345
0,0,2016-03-13 18:25:51.512326
0,0,2016-03-13 18:26:21.542651
0,0,2016-03-13 18:26:51.572657
0,0,2016-03-13 18:27:21.603418
0,0,2016-03-13 18:27:51.642310
0,0,2016-03-13 18:28:21.672612
0,0,2016-03-13 18:28:51.702380
0,0,2016-03-13 18:29:21.732322
0,0,2016-03-13 18:29:51.762326
0,0,2016-03-13 18:30:21.792377
0,0,2016-03-13 18:30:51.822344
0,0,2016-03-13 18:31:21.853391
0,0,2016-03-13 18:31:51.882339
0,0,2016-03-13 18:32:21.912366
0,0,2016-03-13 18:32:51.942368
0,0,2016-03-13 18:33:21.972374
0,0,2016-03-13 18:33:52.002474
0,0,2016-03-13 18:34:22.032455
0,0,2016-03-13 18:34:52.062538
0,0,2016-03-13 18:35:22.092363
0,0,2016-03-13 18:35:52.125537
0,0,2016-03-13 18:36:22.152391
0,0,2016-03-13 18:36:52.182364
0,0,2016-03-13 18:37:22.213288
0,0,2016-03-13 18:37:52.242359
0,0,2016-03-13 18:38:22.273293
0,0,2016-03-13 18:38:52.302384
0,0,2016-03-13 18:39:22.332379
0,0,2016-03-13 18:39:52.362437
0,0,2016-03-13 18:40:22.392372
0,0,2016-03-13 18:40:52.422373
0,0,2016-03-13 18:41:22.452354
0,0,2016-03-13 18:41:52.482349
0,0,2016-03-13 18:42:22.512508
0,0,2016-03-13 18:42:52.542374
0,0,2016-03-13 18:43:22.582001
0,0,2016-03-13 18:43:52.617086
0,0,2016-03-13 18:44:22.652570
0,0,2016-03-13 18:44:52.682410
0,0,2016-03-13 18:45:22.722571
0,0,2016-03-13 18:45:52.755002
0,0,2016-03-13 18:46:22.782410
0,0,2016-03-13 18:46:52.822572
0,0,2016-03-13 18:47:22.862420
0,0,2016-03-13 18:47:52.892414
0,0,2016-03-13 18:48:22.927121
0,0,2016-03-13 18:48:52.957105
0,0,2016-03-13 18:49:22.982565
0,0,2016-03-13 18:49:53.022562
0,0,2016-03-13 18:50:23.062660
0,0,2016-03-13 18:50:53.092394
0,0,2016-03-13 18:51:23.124344
0,0,2016-03-13 18:51:53.152553
0,0,2016-03-13 18:52:23.182432
0,0,2016-03-13 18:52:53.212386
0,0,2016-03-13 18:53:23.242534
0,0,2016-03-13 18:53:53.272364
0,0,2016-03-13 18:54:23.303818
0,0,2016-03-13 18:54:53.332383
0,0,2016-03-13 18:55:23.362360
0,0,2016-03-13 18:55:53.392512
0,0,2016-03-13 18:56:23.422491
0,0,2016-03-13 18:56:53.452395
0,0,2016-03-13 18:57:23.482428
0,0,2016-03-13 18:57:53.526300
0,0,2016-03-13 18:58:23.552371
0,0,2016-03-13 18:58:53.582458
0,0,2016-03-13 18:59:23.622414
0,0,2016-03-13 18:59:53.652394
0,0,2016-03-13 19:00:23.683880
0,0,2016-03-13 19:00:53.722400
0,0,2016-03-13 19:01:23.752416
0,0,2016-03-13 19:01:53.782362
0,0,2016-03-13 19:02:23.812364
0,0,2016-03-13 19:02:53.842366
0,0,2016-03-13 19:03:23.872443
0,0,2016-03-13 19:03:53.903814
0,0,2016-03-13 19:04:23.935286
0,0,2016-03-13 19:04:53.965696
0,0,2016-03-13 19:05:23.992436
0,0,2016-03-13 19:05:54.022365
0,0,2016-03-13 19:06:24.054205
0,0,2016-03-13 19:06:54.082452
0,0,2016-03-13 19:07:24.113958
0,0,2016-03-13 19:07:54.143778
0,0,2016-03-13 19:08:24.173729
0,0,2016-03-13 19:08:54.202439
0,0,2016-03-13 19:09:24.232445
0,0,2016-03-13 19:09:54.262404
0,0,2016-03-13 19:10:24.293598
0,0,2016-03-13 19:10:54.324924
0,0,2016-03-13 19:11:24.353582
0,0,2016-03-13 19:11:54.383996
0,0,2016-03-13 19:12:24.413685
0,0,2016-03-13 19:12:54.443759
0,0,2016-03-13 19:13:24.472345
0,0,2016-03-13 19:13:54.502359
0,0,2016-03-13 19:14:24.532359
0,0,2016-03-13 19:14:54.562339
0,0,2016-03-13 19:15:24.592349
0,0,2016-03-13 19:15:54.622344
0,0,2016-03-13 19:16:24.652330
0,0,2016-03-13 19:16:54.682561
0,0,2016-03-13 19:17:24.712356
0,0,2016-03-13 19:17:54.742365
0,0,2016-03-13 19:18:24.772330
0,0,2016-03-13 19:18:54.802322
0,0,2016-03-13 19:19:24.832347
0,0,2016-03-13 19:19:54.862322
0,0,2016-03-13 19:20:24.892320
0,0,2016-03-13 19:20:54.922353
0,0,2016-03-13 19:21:24.952348
0,0,2016-03-13 19:21:54.982329
0,0,2016-03-13 19:22:25.012340
0,0,2016-03-13 19:22:55.042376
0,0,2016-03-13 19:23:25.072439
0,0,2016-03-13 19:23:55.105161
0,0,2016-03-13 19:24:25.132392
0,0,2016-03-13 19:24:55.162442
0,0,2016-03-13 19:25:25.192364
0,0,2016-03-13 19:25:55.222396
0,0,2016-03-13 19:26:25.252355
0,0,2016-03-13 19:26:55.282717
0,0,2016-03-13 19:27:25.312369
0,0,2016-03-13 19:27:55.345605
0,0,2016-03-13 19:28:25.372426
0,0,2016-03-13 19:28:55.403873
0,0,2016-03-13 19:29:25.433179
0,0,2016-03-13 19:29:55.462424
0,0,2016-03-13 19:30:25.495665
0,0,2016-03-13 19:30:55.522459
0,0,2016-03-13 19:31:25.552410
0,0,2016-03-13 19:31:55.582415
0,0,2016-03-13 19:32:25.615755
0,0,2016-03-13 19:32:55.645608
0,0,2016-03-13 19:33:25.672461
0,0,2016-03-13 19:33:55.712458
0,0,2016-03-13 19:34:25.752355
0,0,2016-03-13 19:34:55.792395
0,0,2016-03-13 19:35:25.822563
0,0,2016-03-13 19:35:55.852385
0,0,2016-03-13 19:36:25.894019
0,0,2016-03-13 19:36:55.934236
0,0,2016-03-13 19:37:25.962383
0,0,2016-03-13 19:37:55.999018
0,0,2016-03-13 19:38:26.022512
0,0,2016-03-13 19:38:56.062379
0,0,2016-03-13 19:39:26.092381
0,0,2016-03-13 19:39:56.122385
0,0,2016-03-13 19:40:26.152459
0,0,2016-03-13 19:40:56.182460
0,0,2016-03-13 19:41:26.222352
0,0,2016-03-13 19:41:56.262420
0,0,2016-03-13 19:42:26.292485
0,0,2016-03-13 19:42:56.332358
0,0,2016-03-13 19:43:26.362364
0,0,2016-03-13 19:43:56.392395
0,0,2016-03-13 19:44:26.422507
0,0,2016-03-13 19:44:56.454933
0,0,2016-03-13 19:45:26.484923
0,0,2016-03-13 19:45:56.517548
0,0,2016-03-13 19:46:26.545186
0,0,2016-03-13 19:46:56.577882
0,0,2016-03-13 19:47:26.604956
0,0,2016-03-13 19:47:56.632403
0,0,2016-03-13 19:48:26.662445
0,0,2016-03-13 19:48:56.692355
0,0,2016-03-13 19:49:26.722643
0,0,2016-03-13 19:49:56.752360
0,0,2016-03-13 19:50:26.784724
0,0,2016-03-13 19:50:56.812388
0,0,2016-03-13 19:51:26.844892
0,0,2016-03-13 19:51:56.872491
0,0,2016-03-13 19:52:26.905218
0,0,2016-03-13 19:52:56.932404
0,0,2016-03-13 19:53:26.972349
0,0,2016-03-13 19:53:57.012343
0,0,2016-03-13 19:54:27.042354
0,0,2016-03-13 19:54:57.072352
0,0,2016-03-13 19:55:27.102357
0,0,2016-03-13 19:55:57.132409
0,0,2016-03-13 19:56:27.162350
0,0,2016-03-13 19:56:57.192360
0,0,2016-03-13 19:57:27.222616
0,0,2016-03-13 19:57:57.252372
0,0,2016-03-13 19:58:27.283165
0,0,2016-03-13 19:58:57.322323
0,0,2016-03-13 19:59:27.352348
0,0,2016-03-13 19:59:57.382348
0,0,2016-03-13 20:00:27.412359
0,0,2016-03-13 20:00:57.442357
0,0,2016-03-13 20:01:27.472348
0,0,2016-03-13 20:01:57.502384
0,0,2016-03-13 20:02:27.532365
0,0,2016-03-13 20:02:57.562353
0,0,2016-03-13 20:03:27.592365
0,0,2016-03-13 20:03:57.622423
0,0,2016-03-13 20:04:27.655488
0,0,2016-03-13 20:04:57.682381
0,0,2016-03-13 20:05:27.712391
0,0,2016-03-13 20:05:57.742366
0,0,2016-03-13 20:06:27.772440
0,0,2016-03-13 20:06:57.802372
0,0,2016-03-13 20:07:27.832397
0,0,2016-03-13 20:07:57.862367
0,0,2016-03-13 20:08:27.892370
0,0,2016-03-13 20:08:57.922367
0,0,2016-03-13 20:09:27.952380
0,0,2016-03-13 20:09:57.982374
0,0,2016-03-13 20:10:28.016808
0,0,2016-03-13 20:10:58.046200
0,0,2016-03-13 20:11:28.080686
0,0,2016-03-13 20:11:58.112611
0,0,2016-03-13 20:12:28.142509
0,0,2016-03-13 20:12:58.172375
0,0,2016-03-13 20:13:28.205464
0,0,2016-03-13 20:13:58.249836
0,0,2016-03-13 20:14:28.275610
0,0,2016-03-13 20:14:58.305566
0,0,2016-03-13 20:15:28.332428
0,0,2016-03-13 20:15:58.362447
0,0,2016-03-13 20:16:28.395395
0,0,2016-03-13 20:16:58.425438
0,0,2016-03-13 20:17:28.455377
0,0,2016-03-13 20:17:58.485131
0,0,2016-03-13 20:18:28.515474
0,0,2016-03-13 20:18:58.542378
0,0,2016-03-13 20:19:28.575364
0,0,2016-03-13 20:19:58.602770
0,0,2016-03-13 20:20:28.632552
0,0,2016-03-13 20:20:58.666230
0,0,2016-03-13 20:21:28.692378
0,0,2016-03-13 20:21:58.722370
0,0,2016-03-13 20:22:28.752459
0,0,2016-03-13 20:22:58.785853
0,0,2016-03-13 20:23:28.812392
0,0,2016-03-13 20:23:58.842348
0,0,2016-03-13 20:24:28.872353
0,0,2016-03-13 20:24:58.902340
0,0,2016-03-13 20:25:28.934640
0,0,2016-03-13 20:25:58.962400
0,0,2016-03-13 20:26:28.992364
0,0,2016-03-13 20:26:59.022461
0,0,2016-03-13 20:27:29.060005
0,0,2016-03-13 20:27:59.084511
0,0,2016-03-13 20:28:29.112369
0,0,2016-03-13 20:28:59.142360
0,0,2016-03-13 20:29:29.174227
0,0,2016-03-13 20:29:59.202572
0,0,2016-03-13 20:30:29.235285
0,0,2016-03-13 20:30:59.265202
0,0,2016-03-13 20:31:29.293141
0,0,2016-03-13 20:31:59.325467
0,0,2016-03-13 20:32:29.355276
0,0,2016-03-13 20:32:59.382446
0,0,2016-03-13 20:33:29.412422
0,0,2016-03-13 20:33:59.442360
0,0,2016-03-13 20:34:29.472440
0,0,2016-03-13 20:34:59.503078
0,0,2016-03-13 20:35:29.534149
0,0,2016-03-13 20:35:59.562607
0,0,2016-03-13 20:36:29.592517
0,0,2016-03-13 20:36:59.622698
0,0,2016-03-13 20:37:29.652767
0,0,2016-03-13 20:37:59.682819
0,0,2016-03-13 20:38:29.713223
0,0,2016-03-13 20:38:59.742353
0,0,2016-03-13 20:39:29.772938
0,0,2016-03-13 20:39:59.802804
0,0,2016-03-13 20:40:29.832498
0,0,2016-03-13 20:40:59.862496
0,0,2016-03-13 20:41:29.892759
0,0,2016-03-13 20:41:59.922807
0,0,2016-03-13 20:42:29.952398
0,0,2016-03-13 20:42:59.982537
0,0,2016-03-13 20:43:30.012342
0,0,2016-03-13 20:44:00.042365
0,0,2016-03-13 20:44:30.072331
0,0,2016-03-13 20:45:00.102394
0,0,2016-03-13 20:45:30.132396
0,0,2016-03-13 20:46:00.162362
0,0,2016-03-13 20:46:30.192372
0,0,2016-03-13 20:47:00.222358
0,0,2016-03-13 20:47:30.252358
0,0,2016-03-13 20:48:00.282313
0,0,2016-03-13 20:48:30.312329
0,0,2016-03-13 20:49:00.342340
0,0,2016-03-13 20:49:30.372330
0,0,2016-03-13 20:50:00.408191
0,0,2016-03-13 20:50:30.433858
0,0,2016-03-13 20:51:00.462467
0,0,2016-03-13 20:51:30.492359
0,0,2016-03-13 20:52:00.522362
0,0,2016-03-13 20:52:30.552372
0,0,2016-03-13 20:53:00.582353
0,0,2016-03-13 20:53:30.612360
0,0,2016-03-13 20:54:00.642529
0,0,2016-03-13 20:54:30.676786
0,0,2016-03-13 20:55:00.702444
0,0,2016-03-13 20:55:30.735467
0,0,2016-03-13 20:56:00.762407
0,0,2016-03-13 20:56:30.792695
0,0,2016-03-13 20:57:00.822378
0,0,2016-03-13 20:57:30.853763
0,0,2016-03-13 20:58:00.889921
0,0,2016-03-13 20:58:30.913923
0,0,2016-03-13 20:59:00.942389
0,0,2016-03-13 20:59:30.972370
0,0,2016-03-13 21:00:01.010616
0,0,2016-03-13 21:00:31.036255
0,0,2016-03-13 21:01:01.062390
0,0,2016-03-13 21:01:31.092352
0,0,2016-03-13 21:02:01.124441
0,0,2016-03-13 21:02:31.152350
0,0,2016-03-13 21:03:01.182381
0,0,2016-03-13 21:03:31.212399
0,0,2016-03-13 21:04:01.242396
0,0,2016-03-13 21:04:31.272370
0,0,2016-03-13 21:05:01.302391
0,0,2016-03-13 21:05:31.332374
0,0,2016-03-13 21:06:01.367161
0,0,2016-03-13 21:06:31.395303
0,0,2016-03-13 21:07:01.424037
0,0,2016-03-13 21:07:31.452467
0,0,2016-03-13 21:08:01.482357
0,0,2016-03-13 21:08:31.515834
0,0,2016-03-13 21:09:01.542395
0,0,2016-03-13 21:09:31.575804
0,0,2016-03-13 21:10:01.602358
0,0,2016-03-13 21:10:31.632375
0,0,2016-03-13 21:11:01.662359
0,0,2016-03-13 21:11:31.692361
0,0,2016-03-13 21:12:01.722359
0,0,2016-03-13 21:12:31.752355
0,0,2016-03-13 21:13:01.782337
0,0,2016-03-13 21:13:31.822545
0,0,2016-03-13 21:14:01.852480
0,0,2016-03-13 21:14:31.892399
0,0,2016-03-13 21:15:01.923272
0,0,2016-03-13 21:15:31.957113
0,0,2016-03-13 21:16:01.992593
0,0,2016-03-13 21:16:32.022440
0,0,2016-03-13 21:17:02.052435
0,0,2016-03-13 21:17:32.082398
0,0,2016-03-13 21:18:02.115687
0,0,2016-03-13 21:18:32.144008
0,0,2016-03-13 21:19:02.187148
0,0,2016-03-13 21:19:32.216187
0,0,2016-03-13 21:20:02.242402
0,0,2016-03-13 21:20:32.272468
0,0,2016-03-13 21:21:02.302451
0,0,2016-03-13 21:21:32.332556
0,0,2016-03-13 21:22:02.362400
0,0,2016-03-13 21:22:32.407287
0,0,2016-03-13 21:23:02.447826
0,0,2016-03-13 21:23:32.472602
0,0,2016-03-13 21:24:02.502884
0,0,2016-03-13 21:24:32.532680
0,0,2016-03-13 21:25:02.562808
0,0,2016-03-13 21:25:32.593233
0,0,2016-03-13 21:26:02.622585
0,0,2016-03-13 21:26:32.652743
0,0,2016-03-13 21:27:02.682834
0,0,2016-03-13 21:27:32.712376
0,0,2016-03-13 21:28:02.742547
0,0,2016-03-13 21:28:32.772963
0,0,2016-03-13 21:29:02.802639
0,0,2016-03-13 21:29:32.832842
0,0,2016-03-13 21:30:02.862547
0,0,2016-03-13 21:30:32.892721
0,0,2016-03-13 21:31:02.922556
0,0,2016-03-13 21:31:32.952854
0,0,2016-03-13 21:32:02.983290
0,0,2016-03-13 21:32:33.012531
0,0,2016-03-13 21:33:03.042393
0,0,2016-03-13 21:33:33.092440
0,0,2016-03-13 21:34:03.125112
0,0,2016-03-13 21:34:33.152352
0,0,2016-03-13 21:35:03.182369
0,0,2016-03-13 21:35:33.212472
0,0,2016-03-13 21:36:03.252423
0,0,2016-03-13 21:36:33.282477
0,0,2016-03-13 21:37:03.312351
0,0,2016-03-13 21:37:33.342362
0,0,2016-03-13 21:38:03.372368
0,0,2016-03-13 21:38:33.402364
0,0,2016-03-13 21:39:03.433178
0,0,2016-03-13 21:39:33.462373
0,0,2016-03-13 21:40:03.492385
0,0,2016-03-13 21:40:33.522422
0,0,2016-03-13 21:41:03.552348
0,0,2016-03-13 21:41:33.582558
0,0,2016-03-13 21:42:03.612546
0,0,2016-03-13 21:42:33.642377
0,0,2016-03-13 21:43:03.672396
0,0,2016-03-13 21:43:33.702413
0,0,2016-03-13 21:44:03.732338
0,0,2016-03-13 21:44:33.762302
0,0,2016-03-13 21:45:03.792320
0,0,2016-03-13 21:45:33.822327
0,0,2016-03-13 21:46:03.852348
0,0,2016-03-13 21:46:33.882336
0,0,2016-03-13 21:47:03.912325
0,0,2016-03-13 21:47:33.942387
0,0,2016-03-13 21:48:03.972314
0,0,2016-03-13 21:48:34.002315
0,0,2016-03-13 21:49:04.032327
0,0,2016-03-13 21:49:34.062363
0,0,2016-03-13 21:50:04.092332
0,0,2016-03-13 21:50:34.125516
0,0,2016-03-13 21:51:04.152600
0,0,2016-03-13 21:51:34.182317
0,0,2016-03-13 21:52:04.212307
0,0,2016-03-13 21:52:34.242302
0,0,2016-03-13 21:53:04.272441
0,0,2016-03-13 21:53:34.302405
0,0,2016-03-13 21:54:04.332381
0,0,2016-03-13 21:54:34.364248
0,0,2016-03-13 21:55:04.392416
0,0,2016-03-13 21:55:34.422385
0,0,2016-03-13 21:56:04.452364
0,0,2016-03-13 21:56:34.482393
0,0,2016-03-13 21:57:04.512380
0,0,2016-03-13 21:57:34.542627
0,0,2016-03-13 21:58:04.572534
0,0,2016-03-13 21:58:34.602394
0,0,2016-03-13 21:59:04.633410
0,0,2016-03-13 21:59:34.667490
0,0,2016-03-13 22:00:04.695174
0,0,2016-03-13 22:00:34.722387
0,0,2016-03-13 22:01:04.752448
0,0,2016-03-13 22:01:34.782430
0,0,2016-03-13 22:02:04.815828
0,0,2016-03-13 22:02:34.845967
0,0,2016-03-13 22:03:04.875873
0,0,2016-03-13 22:03:34.906912
0,0,2016-03-13 22:04:04.932462
0,0,2016-03-13 22:04:34.970831
0,0,2016-03-13 22:05:05.002349
0,0,2016-03-13 22:05:35.032409
0,0,2016-03-13 22:06:05.072440
0,0,2016-03-13 22:06:35.102396
0,0,2016-03-13 22:07:05.162376
0,0,2016-03-13 22:07:35.192511
0,0,2016-03-13 22:08:05.232369
0,0,2016-03-13 22:08:35.262395
0,0,2016-03-13 22:09:05.302430
0,0,2016-03-13 22:09:35.340382
0,0,2016-03-13 22:10:05.362391
0,0,2016-03-13 22:10:35.402417
0,0,2016-03-13 22:11:05.437704
0,0,2016-03-13 22:11:35.462350
0,0,2016-03-13 22:12:05.492370
0,0,2016-03-13 22:12:35.522457
0,0,2016-03-13 22:13:05.552386
0,0,2016-03-13 22:13:35.582383
0,0,2016-03-13 22:14:05.613761
0,0,2016-03-13 22:14:35.644889
0,0,2016-03-13 22:15:05.674088
0,0,2016-03-13 22:15:35.703509
0,0,2016-03-13 22:16:05.738618
0,0,2016-03-13 22:16:35.762454
0,0,2016-03-13 22:17:05.793961
0,0,2016-03-13 22:17:35.822452
0,0,2016-03-13 22:18:05.853565
0,0,2016-03-13 22:18:35.883939
0,0,2016-03-13 22:19:05.914331
0,0,2016-03-13 22:19:35.942439
0,0,2016-03-13 22:20:05.974359
0,0,2016-03-13 22:20:36.005070
0,0,2016-03-13 22:21:06.038785
0,0,2016-03-13 22:21:36.062445
0,0,2016-03-13 22:22:06.093901
0,0,2016-03-13 22:22:36.126174
0,0,2016-03-13 22:23:06.155817
0,0,2016-03-13 22:23:36.182348
0,0,2016-03-13 22:24:06.212400
0,0,2016-03-13 22:24:36.242333
0,0,2016-03-13 22:25:06.272393
0,0,2016-03-13 22:25:36.302317
0,0,2016-03-13 22:26:06.352337
0,0,2016-03-13 22:26:36.382326
0,0,2016-03-13 22:27:06.412457
0,0,2016-03-13 22:27:36.442339
0,0,2016-03-13 22:28:06.472311
0,0,2016-03-13 22:28:36.502309
0,0,2016-03-13 22:29:06.532340
0,0,2016-03-13 22:29:36.562332
0,0,2016-03-13 22:30:06.592379
0,0,2016-03-13 22:30:36.622384
0,0,2016-03-13 22:31:06.652357
0,0,2016-03-13 22:31:36.682346
0,0,2016-03-13 22:32:06.712379
0,0,2016-03-13 22:32:36.742475
0,0,2016-03-13 22:33:06.772357
0,0,2016-03-13 22:33:36.804741
0,0,2016-03-13 22:34:06.835902
0,0,2016-03-13 22:34:36.865619
0,0,2016-03-13 22:35:06.892367
0,0,2016-03-13 22:35:36.925797
0,0,2016-03-13 22:36:06.952428
0,0,2016-03-13 22:36:36.982417
0,0,2016-03-13 22:37:07.012412
0,0,2016-03-13 22:37:37.042446
0,0,2016-03-13 22:38:07.075619
0,0,2016-03-13 22:38:37.102432
0,0,2016-03-13 22:39:07.132395
0,0,2016-03-13 22:39:37.164018
0,0,2016-03-13 22:40:07.192449
0,0,2016-03-13 22:40:37.223520
0,0,2016-03-13 22:41:07.252381
0,0,2016-03-13 22:41:37.285781
0,0,2016-03-13 22:42:07.314215
0,0,2016-03-13 22:42:37.342385
0,0,2016-03-13 22:43:07.375076
0,0,2016-03-13 22:43:37.402384
0,0,2016-03-13 22:44:07.433170
0,0,2016-03-13 22:44:37.463501
0,0,2016-03-13 22:45:07.492940
0,0,2016-03-13 22:45:37.522385
0,0,2016-03-13 22:46:07.552357
0,0,2016-03-13 22:46:37.582394
0,0,2016-03-13 22:47:07.622427
0,0,2016-03-13 22:47:37.652366
0,0,2016-03-13 22:48:07.682350
0,0,2016-03-13 22:48:37.712312
0,0,2016-03-13 22:49:07.752381
0,0,2016-03-13 22:49:37.782369
0,0,2016-03-13 22:50:07.822427
0,0,2016-03-13 22:50:37.852940
0,0,2016-03-13 22:51:07.882346
0,0,2016-03-13 22:51:37.912338
0,0,2016-03-13 22:52:07.942400
0,0,2016-03-13 22:52:37.982403
0,0,2016-03-13 22:53:08.012352
0,0,2016-03-13 22:53:38.051704
0,0,2016-03-13 22:54:08.082491
0,0,2016-03-13 22:54:38.123642
0,0,2016-03-13 22:55:08.152397
0,0,2016-03-13 22:55:38.182418
0,0,2016-03-13 22:56:08.222484
0,0,2016-03-13 22:56:38.254055
0,0,2016-03-13 22:57:08.282364
0,0,2016-03-13 22:57:38.312422
0,0,2016-03-13 22:58:08.342501
0,0,2016-03-13 22:58:38.372461
0,0,2016-03-13 22:59:08.411206
0,0,2016-03-13 22:59:38.442379
0,0,2016-03-13 23:00:08.479551
0,0,2016-03-13 23:00:38.503831
0,0,2016-03-13 23:01:08.532477
0,0,2016-03-13 23:01:38.572399
0,0,2016-03-13 23:02:08.602551
0,0,2016-03-13 23:02:38.632493
0,0,2016-03-13 23:03:08.669323
0,0,2016-03-13 23:03:38.692350
0,0,2016-03-13 23:04:08.722352
0,0,2016-03-13 23:04:38.752366
0,0,2016-03-13 23:05:08.782358
0,0,2016-03-13 23:05:38.812341
0,0,2016-03-13 23:06:08.842342
0,0,2016-03-13 23:06:38.872545
0,0,2016-03-13 23:07:08.902369
0,0,2016-03-13 23:07:38.932363
0,0,2016-03-13 23:08:08.962338
0,0,2016-03-13 23:08:38.992342
0,0,2016-03-13 23:10:50.968722
0,0,2016-03-13 23:11:21.360341
0,0,2016-03-13 23:11:51.390350
0,0,2016-03-13 23:12:21.420331
0,0,2016-03-13 23:12:51.450329
0,0,2016-03-13 23:13:21.480331
0,0,2016-03-13 23:13:51.510338
0,0,2016-03-13 23:14:21.540327
0,0,2016-03-13 23:14:51.570332
0,0,2016-03-13 23:15:21.600330
0,0,2016-03-13 23:15:51.632302
0,0,2016-03-13 23:16:21.660403
0,0,2016-03-13 23:16:51.690280
0,0,2016-03-13 23:17:21.720273
0,0,2016-03-13 23:17:51.750297
0,0,2016-03-13 23:18:21.780283
0,0,2016-03-13 23:18:51.810287
0,0,2016-03-13 23:19:21.840289
0,0,2016-03-13 23:19:51.870292
0,0,2016-03-13 23:20:21.900726
0,0,2016-03-13 23:20:51.930335
0,0,2016-03-13 23:21:21.962446
0,0,2016-03-13 23:21:51.990300
0,0,2016-03-13 23:22:22.020284
0,0,2016-03-13 23:22:52.050272
0,0,2016-03-13 23:23:22.080315
0,0,2016-03-13 23:23:52.110500
0,0,2016-03-13 23:24:22.140320
0,0,2016-03-13 23:24:52.170266
0,0,2016-03-13 23:25:22.200299
0,0,2016-03-13 23:25:52.230294
0,0,2016-03-13 23:26:22.260531
0,0,2016-03-13 23:26:52.290283
0,0,2016-03-13 23:27:22.320916
0,0,2016-03-13 23:27:52.350309
0,0,2016-03-13 23:28:22.380587
0,0,2016-03-13 23:28:52.410549
0,0,2016-03-13 23:29:22.440300
0,0,2016-03-13 23:29:52.470316
0,0,2016-03-13 23:30:22.500326
0,0,2016-03-13 23:30:52.530355
0,0,2016-03-13 23:31:22.568296
0,0,2016-03-13 23:31:52.590400
0,0,2016-03-13 23:32:22.620433
0,0,2016-03-13 23:32:52.652748
0,0,2016-03-13 23:33:22.683680
0,0,2016-03-13 23:33:52.710341
0,0,2016-03-13 23:34:22.740704
0,0,2016-03-13 23:34:52.787666
0,0,2016-03-13 23:35:22.830376
0,0,2016-03-13 23:35:52.860935
0,0,2016-03-13 23:36:22.890359
0,0,2016-03-13 23:36:52.920359
0,0,2016-03-13 23:37:22.967376
0,0,2016-03-13 23:37:53.007631
0,0,2016-03-13 23:38:23.030338
0,0,2016-03-13 23:38:53.060420
0,0,2016-03-13 23:39:23.090671
0,0,2016-03-13 23:39:53.120445
0,0,2016-03-13 23:40:23.162056
0,0,2016-03-13 23:40:53.190337
0,0,2016-03-13 23:41:23.220345
0,0,2016-03-13 23:41:53.250337
0,0,2016-03-13 23:42:23.280341
0,0,2016-03-13 23:42:53.310347
0,0,2016-03-13 23:43:23.340331
0,0,2016-03-13 23:43:53.370314
0,0,2016-03-13 23:44:23.400319
0,0,2016-03-13 23:44:53.430324
0,0,2016-03-13 23:45:23.460314
0,0,2016-03-13 23:45:53.490308
0,0,2016-03-13 23:46:23.520315
0,0,2016-03-13 23:46:53.550330
0,0,2016-03-13 23:47:23.580285
0,0,2016-03-13 23:47:53.610269
0,0,2016-03-13 23:48:23.640375
0,0,2016-03-13 23:48:53.670316
0,0,2016-03-13 23:49:23.700333
0,0,2016-03-13 23:49:53.730394
0,0,2016-03-13 23:50:23.760332
0,0,2016-03-13 23:50:53.800290
0,0,2016-03-13 23:51:23.830330
0,0,2016-03-13 23:51:53.860341
0,0,2016-03-13 23:52:23.890325
0,0,2016-03-13 23:52:53.920315
0,0,2016-03-13 23:53:23.950312
0,0,2016-03-13 23:53:53.981535
0,0,2016-03-13 23:54:24.012172
0,0,2016-03-13 23:54:54.040363
0,0,2016-03-13 23:55:24.070314
0,0,2016-03-13 23:55:54.100292
0,0,2016-03-13 23:56:24.130297
0,0,2016-03-13 23:56:54.160367
0,0,2016-03-13 23:57:24.190325
0,0,2016-03-13 23:57:54.220355
0,0,2016-03-13 23:58:24.251065
0,0,2016-03-13 23:58:54.280319
0,0,2016-03-13 23:59:24.310943
0,0,2016-03-13 23:59:54.340348
0,0,2016-03-14 00:00:24.370340
0,0,2016-03-14 00:00:54.400307
0,0,2016-03-14 00:01:24.440377
0,0,2016-03-14 00:01:54.480306
0,0,2016-03-14 00:02:24.510296
0,0,2016-03-14 00:02:54.540393
0,0,2016-03-14 00:03:24.574828
0,0,2016-03-14 00:03:54.610374
0,0,2016-03-14 00:04:24.650447
0,0,2016-03-14 00:04:54.682914
0,0,2016-03-14 00:05:24.710338
0,0,2016-03-14 00:05:54.740341
0,0,2016-03-14 00:06:24.777648
0,0,2016-03-14 00:06:54.800327
0,0,2016-03-14 00:07:24.830328
0,0,2016-03-14 00:07:54.865246
0,0,2016-03-14 00:08:24.893451
0,0,2016-03-14 00:08:54.927855
0,0,2016-03-14 00:09:24.954190
0,0,2016-03-14 00:09:54.990368
0,0,2016-03-14 00:10:25.023692
0,0,2016-03-14 00:10:55.050346
0,0,2016-03-14 00:11:25.080378
0,0,2016-03-14 00:11:55.110337
0,0,2016-03-14 00:12:25.140362
0,0,2016-03-14 00:12:55.170352
0,0,2016-03-14 00:13:25.200352
0,0,2016-03-14 00:13:55.230398
0,0,2016-03-14 00:14:25.260350
0,0,2016-03-14 00:14:55.290332
0,0,2016-03-14 00:15:25.320350
0,0,2016-03-14 00:15:55.350350
0,0,2016-03-14 00:16:25.390405
0,0,2016-03-14 00:16:55.420419
0,0,2016-03-14 00:17:25.450344
0,0,2016-03-14 00:17:55.490362
0,0,2016-03-14 00:18:25.520330
0,0,2016-03-14 00:18:55.550441
0,0,2016-03-14 00:19:25.590367
0,0,2016-03-14 00:19:55.620393
0,0,2016-03-14 00:20:25.650429
0,0,2016-03-14 00:20:55.680325
0,0,2016-03-14 00:21:25.710737
0,0,2016-03-14 00:21:55.740360
0,0,2016-03-14 00:22:25.770423
0,0,2016-03-14 00:22:55.801229
0,0,2016-03-14 00:23:25.830362
0,0,2016-03-14 00:23:55.860352
0,0,2016-03-14 00:24:25.890330
0,0,2016-03-14 00:24:55.920351
0,0,2016-03-14 00:25:25.950337
0,0,2016-03-14 00:25:55.980372
0,0,2016-03-14 00:26:26.010328
0,0,2016-03-14 00:26:56.040358
0,0,2016-03-14 00:27:26.070348
0,0,2016-03-14 00:27:56.110402
0,0,2016-03-14 00:28:26.140440
0,0,2016-03-14 00:28:56.170342
0,0,2016-03-14 00:29:26.200444
0,0,2016-03-14 00:29:56.230419
0,0,2016-03-14 00:30:26.260342
0,0,2016-03-14 00:30:56.290351
0,0,2016-03-14 00:31:26.320342
0,0,2016-03-14 00:31:56.350443
0,0,2016-03-14 00:32:26.380293
0,0,2016-03-14 00:32:56.410336
0,0,2016-03-14 00:33:26.440516
0,0,2016-03-14 00:33:56.470370
0,0,2016-03-14 00:34:26.500344
0,0,2016-03-14 00:34:56.530359
0,0,2016-03-14 00:35:26.575338
0,0,2016-03-14 00:35:56.600392
0,0,2016-03-14 00:36:26.631757
0,0,2016-03-14 00:36:56.660337
0,0,2016-03-14 00:37:26.696613
0,0,2016-03-14 00:37:56.720344
0,0,2016-03-14 00:38:26.750349
0,0,2016-03-14 00:38:56.780337
0,0,2016-03-14 00:39:26.810334
0,0,2016-03-14 00:39:56.840333
0,0,2016-03-14 00:40:26.880317
0,0,2016-03-14 00:40:56.920375
0,0,2016-03-14 00:41:26.950354
0,0,2016-03-14 00:41:56.990400
0,0,2016-03-14 00:42:27.020430
0,0,2016-03-14 00:42:57.060371
0,0,2016-03-14 00:43:27.102082
0,0,2016-03-14 00:43:57.130390
0,0,2016-03-14 00:44:27.175383
0,0,2016-03-14 00:44:57.200391
0,0,2016-03-14 00:45:27.240342
0,0,2016-03-14 00:45:57.270401
0,0,2016-03-14 00:46:27.300451
0,0,2016-03-14 00:46:57.340490
0,0,2016-03-14 00:47:27.380338
0,0,2016-03-14 00:47:57.422217
0,0,2016-03-14 00:48:27.450448
0,0,2016-03-14 00:48:57.489342
0,0,2016-03-14 00:49:27.520413
0,0,2016-03-14 00:49:57.550654
0,0,2016-03-14 00:50:27.582539
0,0,2016-03-14 00:50:57.620328
0,0,2016-03-14 00:51:27.650328
0,0,2016-03-14 00:51:57.680381
0,0,2016-03-14 00:52:27.710435
0,0,2016-03-14 00:52:57.750416
0,0,2016-03-14 00:53:27.781140
0,0,2016-03-14 00:53:57.820403
0,0,2016-03-14 00:54:27.860393
0,0,2016-03-14 00:54:57.890336
0,0,2016-03-14 00:55:27.920426
0,0,2016-03-14 00:55:57.950346
0,0,2016-03-14 00:56:27.980345
0,0,2016-03-14 00:56:58.010351
0,0,2016-03-14 00:57:28.040395
0,0,2016-03-14 00:57:58.088050
0,0,2016-03-14 00:58:28.110497
0,0,2016-03-14 00:58:58.140359
0,0,2016-03-14 00:59:28.170333
0,0,2016-03-14 00:59:58.200331
0,0,2016-03-14 01:00:28.236854
0,0,2016-03-14 01:00:58.263690
0,0,2016-03-14 01:01:28.300461
0,0,2016-03-14 01:01:58.330437
0,0,2016-03-14 01:02:28.360370
0,0,2016-03-14 01:02:58.400373
0,0,2016-03-14 01:03:28.437191
0,0,2016-03-14 01:03:58.478649
0,0,2016-03-14 01:04:28.510403
0,0,2016-03-14 01:04:58.550410
0,0,2016-03-14 01:05:28.582725
0,0,2016-03-14 01:05:58.620391
0,0,2016-03-14 01:06:28.660579
0,0,2016-03-14 01:06:58.690352
0,0,2016-03-14 01:07:28.730342
0,0,2016-03-14 01:07:58.760343
0,0,2016-03-14 01:08:28.800409
0,0,2016-03-14 01:08:58.839656
0,0,2016-03-14 01:09:28.880410
0,0,2016-03-14 01:09:58.920362
0,0,2016-03-14 01:10:28.975330
0,0,2016-03-14 01:10:59.000468
0,0,2016-03-14 01:11:29.030342
0,0,2016-03-14 01:11:59.060337
0,0,2016-03-14 01:12:29.090326
0,0,2016-03-14 01:12:59.120368
0,0,2016-03-14 01:13:29.150356
0,0,2016-03-14 01:13:59.180330
0,0,2016-03-14 01:14:29.210380
0,0,2016-03-14 01:14:59.240337
0,0,2016-03-14 01:15:29.280334
0,0,2016-03-14 01:15:59.310337
0,0,2016-03-14 01:16:29.340350
0,0,2016-03-14 01:16:59.370323
0,0,2016-03-14 01:17:29.400342
0,0,2016-03-14 01:17:59.431494
0,0,2016-03-14 01:18:29.460340
0,0,2016-03-14 01:18:59.490342
0,0,2016-03-14 01:19:29.520343
0,0,2016-03-14 01:19:59.550340
0,0,2016-03-14 01:20:29.580330
0,0,2016-03-14 01:20:59.610584
0,0,2016-03-14 01:21:29.645783
0,0,2016-03-14 01:21:59.675012
0,0,2016-03-14 01:22:29.704763
0,0,2016-03-14 01:22:59.734950
0,0,2016-03-14 01:23:29.760381
0,0,2016-03-14 01:23:59.800637
0,0,2016-03-14 01:24:29.834713
0,0,2016-03-14 01:24:59.865088
0,0,2016-03-14 01:25:29.890521
0,0,2016-03-14 01:25:59.920557
0,0,2016-03-14 01:26:29.955220
0,0,2016-03-14 01:26:59.990407
0,0,2016-03-14 01:27:30.021646
0,0,2016-03-14 01:28:00.056258
0,0,2016-03-14 01:28:30.090918
0,0,2016-03-14 01:29:00.125036
0,0,2016-03-14 01:29:30.160535
0,0,2016-03-14 01:30:00.190993
0,0,2016-03-14 01:30:30.221655
0,0,2016-03-14 01:31:00.250485
0,0,2016-03-14 01:31:30.280335
0,0,2016-03-14 01:32:00.310343
0,0,2016-03-14 01:32:30.341710
0,0,2016-03-14 01:33:00.370333
0,0,2016-03-14 01:33:30.403860
0,0,2016-03-14 01:34:00.430409
0,0,2016-03-14 01:34:30.460357
0,0,2016-03-14 01:35:00.490376
0,0,2016-03-14 01:35:30.520351
0,0,2016-03-14 01:36:00.550366
0,0,2016-03-14 01:36:30.580408
0,0,2016-03-14 01:37:00.610301
0,0,2016-03-14 01:37:30.643507
0,0,2016-03-14 01:38:00.670343
0,0,2016-03-14 01:38:30.700337
0,0,2016-03-14 01:39:00.733664
0,0,2016-03-14 01:39:30.760343
0,0,2016-03-14 01:40:00.790375
0,0,2016-03-14 01:40:30.820365
0,0,2016-03-14 01:41:00.860344
0,0,2016-03-14 01:41:30.892587
0,0,2016-03-14 01:42:00.921424
0,0,2016-03-14 01:42:30.951777
0,0,2016-03-14 01:43:00.981767
0,0,2016-03-14 01:43:31.011804
0,0,2016-03-14 01:44:01.041746
0,0,2016-03-14 01:44:31.080334
0,0,2016-03-14 01:45:01.110342
0,0,2016-03-14 01:45:31.142460
0,0,2016-03-14 01:46:01.172600
0,0,2016-03-14 01:46:31.201730
0,0,2016-03-14 01:47:01.242438
0,0,2016-03-14 01:47:31.271381
0,0,2016-03-14 01:48:01.303769
0,0,2016-03-14 01:48:31.333900
0,0,2016-03-14 01:49:01.362905
0,0,2016-03-14 01:49:31.390364
0,0,2016-03-14 01:50:01.420337
0,0,2016-03-14 01:50:31.451747
0,0,2016-03-14 01:51:01.480353
0,0,2016-03-14 01:51:31.510357
0,0,2016-03-14 01:52:21.729280
0,0,2016-03-14 01:52:51.750879
0,0,2016-03-14 01:53:21.780599
0,0,2016-03-14 01:53:51.810498
0,0,2016-03-14 01:54:21.840736
0,0,2016-03-14 01:54:51.870787
0,0,2016-03-14 01:55:21.900824
0,0,2016-03-14 01:55:51.930600
0,0,2016-03-14 01:56:21.961214
0,0,2016-03-14 01:56:51.990775
0,0,2016-03-14 01:57:22.021296
0,0,2016-03-14 01:57:52.050496
0,0,2016-03-14 01:58:22.080582
0,0,2016-03-14 01:58:52.111304
